name,value,unit,uncertainty,is_dimensionless,frozen_formula_key,frozen_predicted,frozen_relative_error_percent,frozen_pass_1_percent,frozen_status,sparse_predicted,sparse_relative_error_percent,sparse_log10_error,sparse_pass_1_percent,sparse_formula,sparse_complexity,sparse_status
alpha particle mass,6.644657345e-27,kg,2.1e-36,False,MISSING,,,False,MISSING_FROZEN_FORMULA,3.771190459990763e-25,5575.522851194914,1.7540058766015723,False,1 * dict^-3 * entropy^-3 * total_bits^-3,9,LOOK_ELSEWHERE_RAW_DIMENSIONAL_DIAGNOSTIC_ONLY
alpha particle mass energy equivalent,5.9719201997e-10,J,1.9e-19,False,MISSING,,,False,MISSING_FROZEN_FORMULA,6.020671189433396e-10,0.816336925196102,0.0035309136727038172,True,1 * K^-2 * bits^-1 * dict^-2,5,LOOK_ELSEWHERE_RAW_DIMENSIONAL_DIAGNOSTIC_ONLY
alpha particle mass energy equivalent in MeV,3727.3794118,MeV,1.2e-06,False,MISSING,,,False,MISSING_FROZEN_FORMULA,3664.314764820279,1.6919299060372932,0.007410829538989705,False,0.510999 * pi^-1 * bits^1 * dict^1,3,LOOK_ELSEWHERE_NATURAL_UNIT_DIAGNOSTIC_ONLY
alpha particle mass in u,4.001506179129,u,6.2e-11,False,MISSING,,,False,MISSING_FROZEN_FORMULA,4.0,0.03764030496455432,0.0001635005404144007,True,1 * K^-1 * words^1,2,LOOK_ELSEWHERE_RAW_DIMENSIONAL_DIAGNOSTIC_ONLY
alpha particle molar mass,0.0040015061833,kg mol^-1,1.2e-12,False,MISSING,,,False,MISSING_FROZEN_FORMULA,0.00390625,2.3805082120713745,0.010463457632916522,False,1 * entropy^-1,1,LOOK_ELSEWHERE_RAW_DIMENSIONAL_DIAGNOSTIC_ONLY
alpha particle relative atomic mass,4.001506179129,,6.2e-11,True,MISSING,,,False,MISSING_FROZEN_FORMULA,4.0,0.03764030496455432,0.0001635005404144007,True,1 * K^-1 * words^1,2,LOOK_ELSEWHERE_DIMENSIONLESS_DIAGNOSTIC_ONLY
alpha particle rms charge radius,1.6785e-15,m,2.1e-18,False,MISSING,,,False,MISSING_FROZEN_FORMULA,1.6703300308042759e-15,0.48674228154447785,0.002119056235072873,True,1 * dict^-3 * total_bits^-2,5,LOOK_ELSEWHERE_RAW_DIMENSIONAL_DIAGNOSTIC_ONLY
alpha particle-electron mass ratio,7294.29954171,,1.7e-07,True,MISSING,,,False,MISSING_FROZEN_FORMULA,7170.885115948437,1.691929774145682,0.007410828956333593,False,1 * pi^-1 * bits^1 * dict^1,3,LOOK_ELSEWHERE_DIMENSIONLESS_DIAGNOSTIC_ONLY
alpha particle-proton mass ratio,3.972599690252,,7e-11,True,MISSING,,,False,MISSING_FROZEN_FORMULA,4.0,0.6897324644925816,0.002985186925421921,True,1 * K^-1 * words^1,2,LOOK_ELSEWHERE_DIMENSIONLESS_DIAGNOSTIC_ONLY
Angstrom star,1.00001495e-10,m,9e-17,False,MISSING,,,False,MISSING_FROZEN_FORMULA,1.0034135461815165e-10,0.33985453732632354,0.0014734670955368404,True,1 * dict^-2 * total_bits^-1 * U^-2,5,LOOK_ELSEWHERE_RAW_DIMENSIONAL_DIAGNOSTIC_ONLY
atomic mass constant,1.66053906892e-27,kg,5.2e-37,False,MISSING,,,False,MISSING_FROZEN_FORMULA,3.771190459990763e-25,22610.639758951966,2.3562293684720084,False,1 * dict^-3 * entropy^-3 * total_bits^-3,9,LOOK_ELSEWHERE_RAW_DIMENSIONAL_DIAGNOSTIC_ONLY
atomic mass constant energy equivalent,1.49241808768e-10,J,4.6e-20,False,MISSING,,,False,MISSING_FROZEN_FORMULA,1.505167797358349e-10,0.8542987909084291,0.0036944142134524077,True,1 * K^-1 * dict^-2 * total_bits^-1,4,LOOK_ELSEWHERE_RAW_DIMENSIONAL_DIAGNOSTIC_ONLY
atomic mass constant energy equivalent in MeV,931.49410372,MeV,2.9e-07,False,MISSING,,,False,MISSING_FROZEN_FORMULA,937.8139112331337,0.6784592074061461,0.0029365604436506045,True,1 * U^2 * f1^1,3,LOOK_ELSEWHERE_RAW_DIMENSIONAL_DIAGNOSTIC_ONLY
atomic mass unit-electron volt relationship,931494103.72,eV,0.29,False,MISSING,,,False,MISSING_FROZEN_FORMULA,934281216.0,0.299208794652527,0.0012975071233916455,True,1 * words^3 * entropy^1 * total_bits^1,5,LOOK_ELSEWHERE_RAW_DIMENSIONAL_DIAGNOSTIC_ONLY
atomic mass unit-hartree relationship,34231776.922,E_h,0.011,False,MISSING,,,False,MISSING_FROZEN_FORMULA,33554432.0,1.9787021969189218,0.008679551721517454,False,1 * dict^2 * checksum^1,3,LOOK_ELSEWHERE_RAW_DIMENSIONAL_DIAGNOSTIC_ONLY
atomic mass unit-hertz relationship,2.25234272185e+23,Hz,70000000000000.0,False,MISSING,,,False,MISSING_FROZEN_FORMULA,1.7880638506038924e+23,20.613153883826534,0.1002514513816008,False,1 * dict^3 * total_bits^3 * f1^3,9,LOOK_ELSEWHERE_RAW_DIMENSIONAL_DIAGNOSTIC_ONLY
atomic mass unit-inverse meter relationship,751300662090000.0,m^-1,230000.0,False,MISSING,,,False,MISSING_FROZEN_FORMULA,746106403961069.4,0.6913687676623388,0.0030130039348845892,True,1 * dict^3 * checksum^1 * f1^2,6,LOOK_ELSEWHERE_RAW_DIMENSIONAL_DIAGNOSTIC_ONLY
atomic mass unit-joule relationship,1.49241808768e-10,J,4.6e-20,False,MISSING,,,False,MISSING_FROZEN_FORMULA,1.505167797358349e-10,0.8542987909084291,0.0036944142134524077,True,1 * K^-1 * dict^-2 * total_bits^-1,4,LOOK_ELSEWHERE_RAW_DIMENSIONAL_DIAGNOSTIC_ONLY
atomic mass unit-kelvin relationship,10809540206700.0,K,3400.0,False,MISSING,,,False,MISSING_FROZEN_FORMULA,10795205072709.818,0.13261557583454286,0.0005763243604489315,True,1 * bits^-1 * dict^3 * words^3,7,LOOK_ELSEWHERE_RAW_DIMENSIONAL_DIAGNOSTIC_ONLY
atomic mass unit-kilogram relationship,1.66053906892e-27,kg,5.2e-37,False,MISSING,,,False,MISSING_FROZEN_FORMULA,3.771190459990763e-25,22610.639758951966,2.3562293684720084,False,1 * dict^-3 * entropy^-3 * total_bits^-3,9,LOOK_ELSEWHERE_RAW_DIMENSIONAL_DIAGNOSTIC_ONLY
atomic unit of 1st hyperpolarizability,3.2063612996e-53,C^3 m^3 J^-2,1.5e-62,False,MISSING,,,False,MISSING_FROZEN_FORMULA,3.771190459990763e-25,1.1761589252157037e+30,28.07046600854362,False,1 * dict^-3 * entropy^-3 * total_bits^-3,9,LOOK_ELSEWHERE_RAW_DIMENSIONAL_DIAGNOSTIC_ONLY
atomic unit of 1st hyperpolarizablity,3.20636151e-53,C^3 m^3 J^-2,2.8e-60,False,MISSING,,,False,MISSING_FROZEN_FORMULA,3.771190459990763e-25,1.1761588480366843e+30,28.07046598004541,False,1 * dict^-3 * entropy^-3 * total_bits^-3,9,LOOK_ELSEWHERE_RAW_DIMENSIONAL_DIAGNOSTIC_ONLY
atomic unit of 2nd hyperpolarizability,6.2353799735e-65,C^4 m^4 J^-3,3.9e-74,False,MISSING,,,False,MISSING_FROZEN_FORMULA,3.771190459990763e-25,6.048052365722862e+41,39.781615542752085,False,1 * dict^-3 * entropy^-3 * total_bits^-3,9,LOOK_ELSEWHERE_RAW_DIMENSIONAL_DIAGNOSTIC_ONLY
atomic unit of 2nd hyperpolarizablity,6.2353808e-65,C^4 m^4 J^-3,1.1e-71,False,MISSING,,,False,MISSING_FROZEN_FORMULA,3.771190459990763e-25,6.0480515640532545e+41,39.78161548518633,False,1 * dict^-3 * entropy^-3 * total_bits^-3,9,LOOK_ELSEWHERE_RAW_DIMENSIONAL_DIAGNOSTIC_ONLY
atomic unit of action,1.0545718176461565e-34,J s,0.0,False,MISSING,,,False,MISSING_FROZEN_FORMULA,3.771190459990763e-25,357603948430.33344,9.553402305469149,False,1 * dict^-3 * entropy^-3 * total_bits^-3,9,LOOK_ELSEWHERE_RAW_DIMENSIONAL_DIAGNOSTIC_ONLY
atomic unit of charge,1.602176634e-19,C,0.0,False,MISSING,,,False,MISSING_FROZEN_FORMULA,1.636097905766929e-19,2.117199255505381,0.009098895002567893,False,1 * dict^-3 * entropy^-2 * f1^-2,7,LOOK_ELSEWHERE_RAW_DIMENSIONAL_DIAGNOSTIC_ONLY
atomic unit of charge density,1081202386770.0,C m^-3,510.0,False,MISSING,,,False,MISSING_FROZEN_FORMULA,1092929302677.3477,1.0846180188688648,0.004685074307426253,False,1 * dict^2 * words^1 * f1^2,5,LOOK_ELSEWHERE_RAW_DIMENSIONAL_DIAGNOSTIC_ONLY
atomic unit of current,0.0066236182375082,A,7.2e-15,False,MISSING,,,False,MISSING_FROZEN_FORMULA,0.006631455962162306,0.11832995763135173,0.000513596666964838,True,1 * pi^-1 * K^-1 * checksum^-1,3,LOOK_ELSEWHERE_RAW_DIMENSIONAL_DIAGNOSTIC_ONLY
atomic unit of electric dipole mom.,8.4783536198e-30,C m,1.3e-39,False,MISSING,,,False,MISSING_FROZEN_FORMULA,3.771190459990763e-25,4447922.13861861,4.64816694014234,False,1 * dict^-3 * entropy^-3 * total_bits^-3,9,LOOK_ELSEWHERE_RAW_DIMENSIONAL_DIAGNOSTIC_ONLY
atomic unit of electric dipole moment,8.47835309e-30,C m,7.3e-37,False,MISSING,,,False,MISSING_FROZEN_FORMULA,3.771190459990763e-25,4447922.416569068,4.648166967280773,False,1 * dict^-3 * entropy^-3 * total_bits^-3,9,LOOK_ELSEWHERE_RAW_DIMENSIONAL_DIAGNOSTIC_ONLY
atomic unit of electric field,514220675112.0,V m^-1,80.0,False,MISSING,,,False,MISSING_FROZEN_FORMULA,516942105988.34894,0.5292340444608137,0.002292373577202722,True,1 * dict^3 * bip_density^-2,5,LOOK_ELSEWHERE_RAW_DIMENSIONAL_DIAGNOSTIC_ONLY
atomic unit of electric field gradient,9.7173624424e+21,V m^-2,3000000000000.0,False,MISSING,,,False,MISSING_FROZEN_FORMULA,1.004425214813485e+22,3.363975643313715,0.014369205050660668,False,1 * dict^3 * entropy^3 * total_bits^2,8,LOOK_ELSEWHERE_RAW_DIMENSIONAL_DIAGNOSTIC_ONLY
atomic unit of electric polarizability,1.64877727212e-41,C^2 m^2 J^-1,5.1e-51,False,MISSING,,,False,MISSING_FROZEN_FORMULA,3.771190459990763e-25,2.2872649470366372e+18,16.35931647434502,False,1 * dict^-3 * entropy^-3 * total_bits^-3,9,LOOK_ELSEWHERE_RAW_DIMENSIONAL_DIAGNOSTIC_ONLY
atomic unit of electric polarizablity,1.648777274e-41,C^2 m^2 J^-1,1.6e-49,False,MISSING,,,False,MISSING_FROZEN_FORMULA,3.771190459990763e-25,2.2872649444286085e+18,16.35931647384982,False,1 * dict^-3 * entropy^-3 * total_bits^-3,9,LOOK_ELSEWHERE_RAW_DIMENSIONAL_DIAGNOSTIC_ONLY
atomic unit of electric potential,27.211386245981,V,3e-11,False,MISSING,,,False,MISSING_FROZEN_FORMULA,27.162443621016806,0.17986082929318986,0.0007818289697173223,True,1 * pi^-1 * bits^1 * bip_density^-1,3,LOOK_ELSEWHERE_RAW_DIMENSIONAL_DIAGNOSTIC_ONLY
atomic unit of electric quadrupole mom.,4.4865515185e-40,C m^2,1.4e-49,False,MISSING,,,False,MISSING_FROZEN_FORMULA,3.771190459990763e-25,8.405543644022592e+16,14.924565807479691,False,1 * dict^-3 * entropy^-3 * total_bits^-3,9,LOOK_ELSEWHERE_RAW_DIMENSIONAL_DIAGNOSTIC_ONLY
atomic unit of electric quadrupole moment,4.48655124e-40,C m^2,3.9e-47,False,MISSING,,,False,MISSING_FROZEN_FORMULA,3.771190459990763e-25,8.405544165791717e+16,14.924565834438262,False,1 * dict^-3 * entropy^-3 * total_bits^-3,9,LOOK_ELSEWHERE_RAW_DIMENSIONAL_DIAGNOSTIC_ONLY
atomic unit of energy,4.359744722206e-18,J,4.8e-30,False,MISSING,,,False,MISSING_FROZEN_FORMULA,4.287632120861194e-18,1.6540555913172321,0.007243544816796123,False,1 * dict^-3 * words^-1 * f1^-3,7,LOOK_ELSEWHERE_RAW_DIMENSIONAL_DIAGNOSTIC_ONLY
atomic unit of force,8.2387235038e-08,N,1.3e-17,False,MISSING,,,False,MISSING_FROZEN_FORMULA,8.195638656616211e-08,0.5229553724423093,0.00227712570416549,True,1 * bits^1 * dict^-1 * entropy^-2,4,LOOK_ELSEWHERE_RAW_DIMENSIONAL_DIAGNOSTIC_ONLY
atomic unit of length,5.29177210544e-11,m,8.2e-21,False,MISSING,,,False,MISSING_FROZEN_FORMULA,5.335702250401179e-11,0.8301594264805611,0.0035904538695528824,True,1 * bits^1 * dict^-3 * words^-1,5,LOOK_ELSEWHERE_RAW_DIMENSIONAL_DIAGNOSTIC_ONLY
atomic unit of mag. dipole mom.,1.85480201315e-23,J T^-1,5.8e-33,False,MISSING,,,False,MISSING_FROZEN_FORMULA,6.1335069477956684e-24,66.93174309543062,0.4805886970330327,False,1 * dict^-3 * entropy^-3 * f1^-3,9,LOOK_ELSEWHERE_RAW_DIMENSIONAL_DIAGNOSTIC_ONLY
atomic unit of mag. flux density,235051.757077,T,7.3e-05,False,MISSING,,,False,MISSING_FROZEN_FORMULA,234849.49715065962,0.08604910205972649,0.0003738673798132451,True,1 * dict^1 * checksum^2 * lnK^1,4,LOOK_ELSEWHERE_RAW_DIMENSIONAL_DIAGNOSTIC_ONLY
atomic unit of magn. dipole moment,1.8548019e-23,J T^-1,1.6e-30,False,MISSING,,,False,MISSING_FROZEN_FORMULA,6.1335069477956684e-24,66.93174107814063,0.4805886705394114,False,1 * dict^-3 * entropy^-3 * f1^-3,9,LOOK_ELSEWHERE_RAW_DIMENSIONAL_DIAGNOSTIC_ONLY
atomic unit of magn. flux density,235051.757077,T,7.3e-05,False,MISSING,,,False,MISSING_FROZEN_FORMULA,234849.49715065962,0.08604910205972649,0.0003738673798132451,True,1 * dict^1 * checksum^2 * lnK^1,4,LOOK_ELSEWHERE_RAW_DIMENSIONAL_DIAGNOSTIC_ONLY
atomic unit of magnetizability,7.8910365794e-29,J T^-2,4.9e-38,False,MISSING,,,False,MISSING_FROZEN_FORMULA,3.771190459990763e-25,477808.12044081383,3.6793444099572326,False,1 * dict^-3 * entropy^-3 * total_bits^-3,9,LOOK_ELSEWHERE_RAW_DIMENSIONAL_DIAGNOSTIC_ONLY
atomic unit of mass,9.1093837139e-31,kg,2.8e-40,False,MISSING,,,False,MISSING_FROZEN_FORMULA,3.771190459990763e-25,41398863.73270902,5.616989470328657,False,1 * dict^-3 * entropy^-3 * total_bits^-3,9,LOOK_ELSEWHERE_RAW_DIMENSIONAL_DIAGNOSTIC_ONLY
atomic unit of mom.um,1.992851882e-24,kg m s^-1,2.4e-32,False,MISSING,,,False,MISSING_FROZEN_FORMULA,5.592641446569509e-24,180.63507865706546,0.44814195576939736,False,1 * dict^-3 * total_bits^-3 * f1^-3,9,LOOK_ELSEWHERE_RAW_DIMENSIONAL_DIAGNOSTIC_ONLY
atomic unit of momentum,1.99285191545e-24,kg m s^-1,3.1e-34,False,MISSING,,,False,MISSING_FROZEN_FORMULA,5.592641446569509e-24,180.63507394660843,0.4481419484797687,False,1 * dict^-3 * total_bits^-3 * f1^-3,9,LOOK_ELSEWHERE_RAW_DIMENSIONAL_DIAGNOSTIC_ONLY
atomic unit of permittivity,1.1126500562e-10,F m^-1,1.7e-20,False,MISSING,,,False,MISSING_FROZEN_FORMULA,1.1288758480187619e-10,1.4583014424299106,0.0062875873293578525,False,1 * dict^-2 * checksum^-1 * total_bits^-1,4,LOOK_ELSEWHERE_RAW_DIMENSIONAL_DIAGNOSTIC_ONLY
atomic unit of time,2.4188843265864e-17,s,2.6e-29,False,MISSING,,,False,MISSING_FROZEN_FORMULA,2.4671622769447922e-17,1.9958767696231086,0.008582615561969832,False,1 * dict^-2 * words^-2 * entropy^-3,7,LOOK_ELSEWHERE_RAW_DIMENSIONAL_DIAGNOSTIC_ONLY
atomic unit of velocity,2187691.26216,m s^-1,0.00034,False,MISSING,,,False,MISSING_FROZEN_FORMULA,2196132.438887047,0.3858486283257748,0.001672494723347206,True,1 * pi^1 * K^-1 * dict^2,4,LOOK_ELSEWHERE_RAW_DIMENSIONAL_DIAGNOSTIC_ONLY
Avogadro constant,6.02214076e+23,mol^-1,0.0,False,MISSING,,,False,MISSING_FROZEN_FORMULA,1.7880638506038924e+23,70.30850121470937,0.5273678792731913,False,1 * dict^3 * total_bits^3 * f1^3,9,LOOK_ELSEWHERE_RAW_DIMENSIONAL_DIAGNOSTIC_ONLY
Bohr magneton,9.2740100657e-24,J T^-1,2.9e-33,False,MISSING,,,False,MISSING_FROZEN_FORMULA,6.1335069477956684e-24,33.86348619050466,0.17955870136671004,False,1 * dict^-3 * entropy^-3 * f1^-3,9,LOOK_ELSEWHERE_RAW_DIMENSIONAL_DIAGNOSTIC_ONLY
Bohr magneton in eV/T,5.7883817982e-05,eV T^-1,1.8e-14,False,MISSING,,,False,MISSING_FROZEN_FORMULA,5.739210284664831e-05,0.84948635472629,0.003705031607642567,True,1 * K^-1 * bits^-1 * total_bits^-1,3,LOOK_ELSEWHERE_RAW_DIMENSIONAL_DIAGNOSTIC_ONLY
Bohr magneton in Hz/T,13996244917.1,Hz T^-1,4.4,False,MISSING,,,False,MISSING_FROZEN_FORMULA,13985253560.803629,0.07853075136562308,0.0003411887063467717,True,1 * dict^1 * entropy^2 * f1^1,4,LOOK_ELSEWHERE_RAW_DIMENSIONAL_DIAGNOSTIC_ONLY
Bohr magneton in inverse meter per tesla,46.686447719,m^-1 T^-1,1.5e-08,False,MISSING,,,False,MISSING_FROZEN_FORMULA,46.54545454545455,0.302000217266634,0.0013135547478782808,True,1 * K^1 * bip_density^-1,2,LOOK_ELSEWHERE_RAW_DIMENSIONAL_DIAGNOSTIC_ONLY
Bohr magneton in inverse meters per tesla,46.68644814,m^-1 T^-1,2.9e-07,False,MISSING,,,False,MISSING_FROZEN_FORMULA,46.54545454545455,0.30200111630393206,0.0013135586641749074,True,1 * K^1 * bip_density^-1,2,LOOK_ELSEWHERE_RAW_DIMENSIONAL_DIAGNOSTIC_ONLY
Bohr magneton in K/T,0.67171381472,K T^-1,2.1e-10,False,MISSING,,,False,MISSING_FROZEN_FORMULA,0.6719203983657199,0.03075471148468453,0.000133545480192129,True,1 * checksum^-1 * lnK^1 * U^1,3,LOOK_ELSEWHERE_RAW_DIMENSIONAL_DIAGNOSTIC_ONLY
Bohr radius,5.29177210544e-11,m,8.2e-21,False,MISSING,,,False,MISSING_FROZEN_FORMULA,5.335702250401179e-11,0.8301594264805611,0.0035904538695528824,True,1 * bits^1 * dict^-3 * words^-1,5,LOOK_ELSEWHERE_RAW_DIMENSIONAL_DIAGNOSTIC_ONLY
Boltzmann constant,1.380649e-23,J K^-1,0.0,False,MISSING,,,False,MISSING_FROZEN_FORMULA,6.1335069477956684e-24,55.57519001718997,0.35237442111621314,False,1 * dict^-3 * entropy^-3 * f1^-3,9,LOOK_ELSEWHERE_RAW_DIMENSIONAL_DIAGNOSTIC_ONLY
Boltzmann constant in eV/K,8.617333262145179e-05,eV K^-1,0.0,False,MISSING,,,False,MISSING_FROZEN_FORMULA,8.608815426997245e-05,0.09884537233056911,0.00042949229926614064,True,1 * K^1 * total_bits^-2,3,LOOK_ELSEWHERE_RAW_DIMENSIONAL_DIAGNOSTIC_ONLY
Boltzmann constant in Hz/K,20836619123.327576,Hz K^-1,0.0,False,MISSING,,,False,MISSING_FROZEN_FORMULA,20847699113.757366,0.05317556732313606,0.00023087717492021494,True,1 * pi^-1 * dict^3 * lnDict^1,5,LOOK_ELSEWHERE_RAW_DIMENSIONAL_DIAGNOSTIC_ONLY
Boltzmann constant in inverse meter per kelvin,69.50348004861274,m^-1 K^-1,0.0,False,MISSING,,,False,MISSING_FROZEN_FORMULA,69.81928299509865,0.45436997725152894,0.0019688342224002315,True,1 * bits^-1 * entropy^1 * U^1,3,LOOK_ELSEWHERE_RAW_DIMENSIONAL_DIAGNOSTIC_ONLY
Boltzmann constant in inverse meters per kelvin,69.503457,m^-1 K^-1,4e-05,False,MISSING,,,False,MISSING_FROZEN_FORMULA,69.81928299509865,0.45440328975096744,0.0019689782423397625,True,1 * bits^-1 * entropy^1 * U^1,3,LOOK_ELSEWHERE_RAW_DIMENSIONAL_DIAGNOSTIC_ONLY
characteristic impedance of vacuum,376.730313412,ohm,5.9e-08,False,MISSING,,,False,MISSING_FROZEN_FORMULA,374.34375,0.6334938620641318,0.002759980298554161,True,1 * bits^1 * total_bits^1 * bip_density^1,3,LOOK_ELSEWHERE_RAW_DIMENSIONAL_DIAGNOSTIC_ONLY
classical electron radius,2.8179403205e-15,m,1.3e-24,False,MISSING,,,False,MISSING_FROZEN_FORMULA,2.8070381400908017e-15,0.3868847161129283,0.001683477636168968,True,1 * dict^-3 * words^-3 * U^-1,7,LOOK_ELSEWHERE_RAW_DIMENSIONAL_DIAGNOSTIC_ONLY
Compton wavelength,2.42631023538e-12,m,7.6e-22,False,MISSING,,,False,MISSING_FROZEN_FORMULA,2.4253192047278085e-12,0.040845174608774605,0.0001774245766058941,True,1 * K^-1 * dict^-3 * checksum^-1,5,LOOK_ELSEWHERE_RAW_DIMENSIONAL_DIAGNOSTIC_ONLY
Compton wavelength over 2 pi,3.8615926764e-13,m,1.8e-22,False,MISSING,,,False,MISSING_FROZEN_FORMULA,3.724102080675221e-13,3.560463447246735,0.015744885323467423,False,1 * dict^-3 * U^-1 * f1^-1,5,LOOK_ELSEWHERE_RAW_DIMENSIONAL_DIAGNOSTIC_ONLY
conductance quantum,7.748091729863649e-05,S,0.0,False,MISSING,,,False,MISSING_FROZEN_FORMULA,7.891414141414141e-05,1.8497769069780259,0.007960082053173544,False,1 * K^-1 * checksum^-1 * total_bits^-1,3,LOOK_ELSEWHERE_RAW_DIMENSIONAL_DIAGNOSTIC_ONLY
conventional value of ampere-90,1.0000000888714378,A,0.0,False,MISSING,,,False,MISSING_FROZEN_FORMULA,1.0,8.887142986634995e-06,3.859637331161763e-08,True,1 * 1,0,LOOK_ELSEWHERE_RAW_DIMENSIONAL_DIAGNOSTIC_ONLY
conventional value of coulomb-90,1.0000000888714378,C,0.0,False,MISSING,,,False,MISSING_FROZEN_FORMULA,1.0,8.887142986634995e-06,3.859637331161763e-08,True,1 * 1,0,LOOK_ELSEWHERE_RAW_DIMENSIONAL_DIAGNOSTIC_ONLY
conventional value of farad-90,0.9999999822063325,F,0.0,False,MISSING,,,False,MISSING_FROZEN_FORMULA,1.0,1.7793667856015424e-06,7.727691701079916e-09,True,1 * 1,0,LOOK_ELSEWHERE_RAW_DIMENSIONAL_DIAGNOSTIC_ONLY
conventional value of henry-90,1.0000000177936679,H,0.0,False,MISSING,,,False,MISSING_FROZEN_FORMULA,1.0,1.7793667555853113e-06,7.727691693934775e-09,True,1 * 1,0,LOOK_ELSEWHERE_RAW_DIMENSIONAL_DIAGNOSTIC_ONLY
conventional value of Josephson constant,483597900000000.0,Hz V^-1,0.0,False,MISSING,,,False,MISSING_FROZEN_FORMULA,489832430174208.0,1.2891971148361068,0.0055631286416539995,False,1 * K^3 * dict^3 * total_bits^1,7,LOOK_ELSEWHERE_RAW_DIMENSIONAL_DIAGNOSTIC_ONLY
conventional value of ohm-90,1.0000000177936679,ohm,0.0,False,MISSING,,,False,MISSING_FROZEN_FORMULA,1.0,1.7793667555853113e-06,7.727691693934775e-09,True,1 * 1,0,LOOK_ELSEWHERE_RAW_DIMENSIONAL_DIAGNOSTIC_ONLY
conventional value of volt-90,1.0000001066651072,V,0.0,False,MISSING,,,False,MISSING_FROZEN_FORMULA,1.0,1.0666509581381778e-05,4.6324065017294185e-08,True,1 * 1,0,LOOK_ELSEWHERE_RAW_DIMENSIONAL_DIAGNOSTIC_ONLY
conventional value of von Klitzing constant,25812.807,ohm,0.0,False,MISSING,,,False,MISSING_FROZEN_FORMULA,26674.75425873495,3.339223272908476,0.014265192940652023,False,1 * entropy^1 * f1^1,2,LOOK_ELSEWHERE_RAW_DIMENSIONAL_DIAGNOSTIC_ONLY
conventional value of watt-90,1.0000001955365543,W,0.0,False,MISSING,,,False,MISSING_FROZEN_FORMULA,1.0,1.9553651604708017e-05,8.4920438250973e-08,True,1 * 1,0,LOOK_ELSEWHERE_RAW_DIMENSIONAL_DIAGNOSTIC_ONLY
Copper x unit,1.00207697e-13,m,2.8e-20,False,MISSING,,,False,MISSING_FROZEN_FORMULA,1.0156802229425738e-13,1.3575057954454117,0.005855914892328341,False,1 * bits^-1 * dict^-3 * f1^-1,5,LOOK_ELSEWHERE_RAW_DIMENSIONAL_DIAGNOSTIC_ONLY
Cu x unit,1.00207697e-13,m,2.8e-20,False,MISSING,,,False,MISSING_FROZEN_FORMULA,1.0156802229425738e-13,1.3575057954454117,0.005855914892328341,False,1 * bits^-1 * dict^-3 * f1^-1,5,LOOK_ELSEWHERE_RAW_DIMENSIONAL_DIAGNOSTIC_ONLY
deuteron g factor,0.8574382335,,2.2e-09,True,MISSING,,,False,MISSING_FROZEN_FORMULA,0.8568115099074557,0.07309256434555092,0.0003175530416079237,True,1 * pi^1 * bits^-1 * U^1,3,LOOK_ELSEWHERE_DIMENSIONLESS_DIAGNOSTIC_ONLY
deuteron mag. mom.,4.330735087e-27,J T^-1,1.1e-35,False,MISSING,,,False,MISSING_FROZEN_FORMULA,3.771190459990763e-25,8607.968472398881,1.9399168479887192,False,1 * dict^-3 * entropy^-3 * total_bits^-3,9,LOOK_ELSEWHERE_RAW_DIMENSIONAL_DIAGNOSTIC_ONLY
deuteron mag. mom. to Bohr magneton ratio,0.0004669754568,,1.2e-12,True,MISSING,,,False,MISSING_FROZEN_FORMULA,0.0004734848484848485,1.3939472813956426,0.0060120305323475955,False,1 * checksum^-1 * total_bits^-1,2,LOOK_ELSEWHERE_DIMENSIONLESS_DIAGNOSTIC_ONLY
deuteron mag. mom. to nuclear magneton ratio,0.8574382335,,2.2e-09,True,MISSING,,,False,MISSING_FROZEN_FORMULA,0.8568115099074557,0.07309256434555092,0.0003175530416079237,True,1 * pi^1 * bits^-1 * U^1,3,LOOK_ELSEWHERE_DIMENSIONLESS_DIAGNOSTIC_ONLY
deuteron magn. moment,4.33073482e-27,J T^-1,3.8e-34,False,MISSING,,,False,MISSING_FROZEN_FORMULA,3.771190459990763e-25,8607.969009265644,1.9399168747639959,False,1 * dict^-3 * entropy^-3 * total_bits^-3,9,LOOK_ELSEWHERE_RAW_DIMENSIONAL_DIAGNOSTIC_ONLY
deuteron magn. moment to Bohr magneton ratio,0.0004669754567,,5e-12,True,MISSING,,,False,MISSING_FROZEN_FORMULA,0.0004734848484848485,1.3939473031085567,0.0060120306253492175,False,1 * checksum^-1 * total_bits^-1,2,LOOK_ELSEWHERE_DIMENSIONLESS_DIAGNOSTIC_ONLY
deuteron magn. moment to nuclear magneton ratio,0.8574382329,,9.2e-09,True,MISSING,,,False,MISSING_FROZEN_FORMULA,0.8568115099074557,0.07309249442080634,0.0003175527377064425,True,1 * pi^1 * bits^-1 * U^1,3,LOOK_ELSEWHERE_DIMENSIONLESS_DIAGNOSTIC_ONLY
deuteron mass,3.3435837768e-27,kg,1e-36,False,MISSING,,,False,MISSING_FROZEN_FORMULA,3.771190459990763e-25,11178.887300978613,2.0522662571933536,False,1 * dict^-3 * entropy^-3 * total_bits^-3,9,LOOK_ELSEWHERE_RAW_DIMENSIONAL_DIAGNOSTIC_ONLY
deuteron mass energy equivalent,3.00506323491e-10,J,9.4e-20,False,MISSING,,,False,MISSING_FROZEN_FORMULA,3.000968848933372e-10,0.13624957801431117,0.0005921278764635044,True,1 * dict^-2 * lnDict^-1 * f1^-1,4,LOOK_ELSEWHERE_RAW_DIMENSIONAL_DIAGNOSTIC_ONLY
deuteron mass energy equivalent in MeV,1875.612945,MeV,5.8e-07,False,MISSING,,,False,MISSING_FROZEN_FORMULA,1875.122600812735,0.026143143689222575,0.00011355307425686798,True,0.510999 * dict^1 * lnK^1,2,LOOK_ELSEWHERE_NATURAL_UNIT_DIAGNOSTIC_ONLY
deuteron mass in u,2.013553212544,u,1.5e-11,False,MISSING,,,False,MISSING_FROZEN_FORMULA,1.9999684563670785,0.6746658639211259,0.0029399652787795265,True,1 * K^1 * U^-1,2,LOOK_ELSEWHERE_RAW_DIMENSIONAL_DIAGNOSTIC_ONLY
deuteron molar mass,0.00201355321466,kg mol^-1,6.3e-13,False,MISSING,,,False,MISSING_FROZEN_FORMULA,0.00201416015625,0.03014281348917234,0.0001308888498737687,True,1 * checksum^-2 * bip_density^1,3,LOOK_ELSEWHERE_RAW_DIMENSIONAL_DIAGNOSTIC_ONLY
deuteron relative atomic mass,2.013553212544,,1.5e-11,True,MISSING,,,False,MISSING_FROZEN_FORMULA,1.9999684563670785,0.6746658639211259,0.0029399652787795265,True,1 * K^1 * U^-1,2,LOOK_ELSEWHERE_DIMENSIONLESS_DIAGNOSTIC_ONLY
deuteron rms charge radius,2.12778e-15,m,2.7e-19,False,MISSING,,,False,MISSING_FROZEN_FORMULA,2.1596186256863362e-15,1.4963307149393357,0.006450341962936501,False,1 * K^-1 * dict^-2 * total_bits^-3,6,LOOK_ELSEWHERE_RAW_DIMENSIONAL_DIAGNOSTIC_ONLY
deuteron-electron mass ratio,3670.482967655,,6.3e-08,True,MISSING,,,False,MISSING_FROZEN_FORMULA,3669.5233929790566,0.026143008546810183,0.00011355248718731943,True,1 * dict^1 * lnK^1,2,LOOK_ELSEWHERE_DIMENSIONLESS_DIAGNOSTIC_ONLY
deuteron-proton mag. mom. ratio,0.3070122093,,7.9e-10,True,MISSING,,,False,MISSING_FROZEN_FORMULA,0.3183098861837907,3.679878695883085,0.015694480407889396,False,1 * pi^-1,1,LOOK_ELSEWHERE_DIMENSIONLESS_DIAGNOSTIC_ONLY
deuteron-proton magn. moment ratio,0.3070122084,,4.5e-09,True,MISSING,,,False,MISSING_FROZEN_FORMULA,0.3183098861837907,3.679878999818532,0.01569448168101483,False,1 * pi^-1,1,LOOK_ELSEWHERE_DIMENSIONLESS_DIAGNOSTIC_ONLY
deuteron-proton mass ratio,1.9990075012699,,8.4e-12,True,MISSING,,,False,MISSING_FROZEN_FORMULA,1.9999684563670785,0.04807161036504701,0.00020872218713759969,True,1 * K^1 * U^-1,2,LOOK_ELSEWHERE_DIMENSIONLESS_DIAGNOSTIC_ONLY
electric constant,8.8541878188e-12,F m^-1,1.4e-21,False,MISSING,,,False,MISSING_FROZEN_FORMULA,8.93798596189465e-12,0.9464238257598462,0.004090938036972201,True,1 * dict^-2 * entropy^-1 * f1^-1,4,LOOK_ELSEWHERE_RAW_DIMENSIONAL_DIAGNOSTIC_ONLY
electron gyromag. ratio,176085962784.0,s^-1 T^-1,55.0,False,MISSING,,,False,MISSING_FROZEN_FORMULA,174992710547.5665,0.6208627985721757,0.002704778070315695,True,1 * pi^-1 * dict^3 * checksum^2,6,LOOK_ELSEWHERE_RAW_DIMENSIONAL_DIAGNOSTIC_ONLY
electron gyromag. ratio in MHz/T,28024.9513861,MHz T^-1,8.7e-06,False,MISSING,,,False,MISSING_FROZEN_FORMULA,27508.340329320417,1.8433967990246583,0.008080479178747381,False,1 * total_bits^1 * f1^1,2,LOOK_ELSEWHERE_RAW_DIMENSIONAL_DIAGNOSTIC_ONLY
electron gyromag. ratio over 2 pi,28024.95164,MHz T^-1,0.00017,False,MISSING,,,False,MISSING_FROZEN_FORMULA,27508.340329320417,1.8433976883022445,0.008080483113361429,False,1 * total_bits^1 * f1^1,2,LOOK_ELSEWHERE_RAW_DIMENSIONAL_DIAGNOSTIC_ONLY
electron gyromagn. ratio,176085962784.0,s^-1 T^-1,55.0,False,MISSING,,,False,MISSING_FROZEN_FORMULA,174992710547.5665,0.6208627985721757,0.002704778070315695,True,1 * pi^-1 * dict^3 * checksum^2,6,LOOK_ELSEWHERE_RAW_DIMENSIONAL_DIAGNOSTIC_ONLY
electron gyromagn. ratio over 2 pi,28024.9532,MHz T^-1,0.0024,False,MISSING,,,False,MISSING_FROZEN_FORMULA,27508.340329320417,1.8434031521579224,0.008080507288224672,False,1 * total_bits^1 * f1^1,2,LOOK_ELSEWHERE_RAW_DIMENSIONAL_DIAGNOSTIC_ONLY
electron mag. mom. anomaly,0.00115965218046,,1.8e-13,True,MISSING,,,False,MISSING_FROZEN_FORMULA,0.0011574074074074073,0.19357296010103603,0.0008414913970925347,True,1 * K^-2 * words^-1,3,LOOK_ELSEWHERE_DIMENSIONLESS_DIAGNOSTIC_ONLY
electron magn. moment anomaly,0.0011596521859,,3.8e-12,True,MISSING,,,False,MISSING_FROZEN_FORMULA,0.0011574074074074073,0.19357342829914836,0.0008414934343947292,True,1 * K^-2 * words^-1,3,LOOK_ELSEWHERE_DIMENSIONLESS_DIAGNOSTIC_ONLY
electron mass,9.1093837139e-31,kg,2.8e-40,False,MISSING,,,False,MISSING_FROZEN_FORMULA,3.771190459990763e-25,41398863.73270902,5.616989470328657,False,1 * dict^-3 * entropy^-3 * total_bits^-3,9,LOOK_ELSEWHERE_RAW_DIMENSIONAL_DIAGNOSTIC_ONLY
electron mass energy equivalent,8.187105788e-14,J,2.6e-23,False,MISSING,,,False,MISSING_FROZEN_FORMULA,8.317929685514974e-14,1.5979260669469406,0.006884842722765039,False,1 * dict^-2 * total_bits^-1 * f1^-2,5,LOOK_ELSEWHERE_RAW_DIMENSIONAL_DIAGNOSTIC_ONLY
electron mass energy equivalent in MeV,0.51099895069,MeV,1.6e-10,False,MISSING,,,False,MISSING_FROZEN_FORMULA,0.51099895,1.3502964265565545e-07,5.86426288976203e-10,True,0.510999 * 1,0,LOOK_ELSEWHERE_NATURAL_UNIT_DIAGNOSTIC_ONLY
electron mass in u,0.0005485799090441,u,9.7e-15,False,MISSING,,,False,MISSING_FROZEN_FORMULA,0.0005526213301801921,0.7367060057183468,0.0031877457382030777,True,1 * pi^-1 * words^-2,3,LOOK_ELSEWHERE_RAW_DIMENSIONAL_DIAGNOSTIC_ONLY
electron molar mass,5.4857990962e-07,kg mol^-1,1.7e-16,False,MISSING,,,False,MISSING_FROZEN_FORMULA,5.479889417706056e-07,0.10772684872906226,0.0004681039416653856,True,1 * entropy^-1 * total_bits^-1 * U^-3,5,LOOK_ELSEWHERE_RAW_DIMENSIONAL_DIAGNOSTIC_ONLY
electron relative atomic mass,0.0005485799090441,,9.7e-15,True,MISSING,,,False,MISSING_FROZEN_FORMULA,0.0005526213301801921,0.7367060057183468,0.0031877457382030777,True,1 * pi^-1 * words^-2,3,LOOK_ELSEWHERE_DIMENSIONLESS_DIAGNOSTIC_ONLY
electron to alpha particle mass ratio,0.0001370933554733,,3.2e-15,True,MISSING,,,False,MISSING_FROZEN_FORMULA,0.00013945279889869465,1.7210487096540468,0.007410828956169289,False,1 * pi^1 * bits^-1 * dict^-1,3,LOOK_ELSEWHERE_DIMENSIONLESS_DIAGNOSTIC_ONLY
electron to shielded helion mag. mom. ratio,864.05823986,,7e-07,True,MISSING,,,False,MISSING_FROZEN_FORMULA,864.0,0.006740270193985329,2.927360808906296e-05,True,1 * K^2 * words^1,3,LOOK_ELSEWHERE_DIMENSIONLESS_DIAGNOSTIC_ONLY
electron to shielded helion magn. moment ratio,864.058255,,1e-05,True,MISSING,,,False,MISSING_FROZEN_FORMULA,864.0,0.006742022272564369,2.928121778264471e-05,True,1 * K^2 * words^1,3,LOOK_ELSEWHERE_DIMENSIONLESS_DIAGNOSTIC_ONLY
electron volt,1.602176634e-19,J,0.0,False,MISSING,,,False,MISSING_FROZEN_FORMULA,1.636097905766929e-19,2.117199255505381,0.009098895002567893,False,1 * dict^-3 * entropy^-2 * f1^-2,7,LOOK_ELSEWHERE_RAW_DIMENSIONAL_DIAGNOSTIC_ONLY
electron volt-atomic mass unit relationship,1.07354410083e-09,u,3.3e-19,False,MISSING,,,False,MISSING_FROZEN_FORMULA,1.0703415447881593e-09,0.2983162069787942,0.0012975071262294373,True,1 * words^-3 * entropy^-1 * total_bits^-1,5,LOOK_ELSEWHERE_RAW_DIMENSIONAL_DIAGNOSTIC_ONLY
electron volt-hartree relationship,0.036749322175665,E_h,4e-14,False,MISSING,,,False,MISSING_FROZEN_FORMULA,0.03681553890925539,0.18018491136753187,0.0007818289697107926,True,1 * pi^1 * bits^-1 * bip_density^1,3,LOOK_ELSEWHERE_RAW_DIMENSIONAL_DIAGNOSTIC_ONLY
electron volt-hertz relationship,241798924208491.8,Hz,0.0,False,MISSING,,,False,MISSING_FROZEN_FORMULA,236294844163338.12,2.276304604402532,0.010000118657546818,False,1 * dict^3 * total_bits^1 * f1^1,5,LOOK_ELSEWHERE_RAW_DIMENSIONAL_DIAGNOSTIC_ONLY
electron volt-inverse meter relationship,806554.3937349211,m^-1,0.0,False,MISSING,,,False,MISSING_FROZEN_FORMULA,811008.0,0.5521768029128838,0.002391476854791855,True,1 * K^2 * bits^1 * dict^1,4,LOOK_ELSEWHERE_RAW_DIMENSIONAL_DIAGNOSTIC_ONLY
electron volt-joule relationship,1.602176634e-19,J,0.0,False,MISSING,,,False,MISSING_FROZEN_FORMULA,1.636097905766929e-19,2.117199255505381,0.009098895002567893,False,1 * dict^-3 * entropy^-2 * f1^-2,7,LOOK_ELSEWHERE_RAW_DIMENSIONAL_DIAGNOSTIC_ONLY
electron volt-kelvin relationship,11604.518121550082,K,0.0,False,MISSING,,,False,MISSING_FROZEN_FORMULA,11616.0,0.09894317307839008,0.00042949229926612974,True,1 * K^-1 * total_bits^2,3,LOOK_ELSEWHERE_RAW_DIMENSIONAL_DIAGNOSTIC_ONLY
electron volt-kilogram relationship,1.7826619216278975e-36,kg,0.0,False,MISSING,,,False,MISSING_FROZEN_FORMULA,3.771190459990763e-25,21154827027040.254,11.325409478664447,False,1 * dict^-3 * entropy^-3 * total_bits^-3,9,LOOK_ELSEWHERE_RAW_DIMENSIONAL_DIAGNOSTIC_ONLY
electron-deuteron mass ratio,0.0002724437107629,,4.7e-15,True,MISSING,,,False,MISSING_FROZEN_FORMULA,0.0002725149543707262,0.02614984490802449,0.00011355248720917434,True,1 * dict^-1 * lnK^-1,2,LOOK_ELSEWHERE_DIMENSIONLESS_DIAGNOSTIC_ONLY
electron-helion mass ratio,0.0001819543074649,,5.3e-15,True,MISSING,,,False,MISSING_FROZEN_FORMULA,0.00018310835670139433,0.6342522211060942,0.0027458238489860157,True,1 * dict^-1 * checksum^-1 * U^1,3,LOOK_ELSEWHERE_DIMENSIONLESS_DIAGNOSTIC_ONLY
electron-muon mag. mom. ratio,206.7669881,,4.6e-06,True,MISSING,,,False,MISSING_FROZEN_FORMULA,207.34511513692635,0.27960316210959063,0.0012126066498902952,True,1 * pi^1 * K^1 * bits^1,3,LOOK_ELSEWHERE_DIMENSIONLESS_DIAGNOSTIC_ONLY
electron-muon magn. moment ratio,206.7669894,,5.4e-06,True,MISSING,,,False,MISSING_FROZEN_FORMULA,207.34511513692635,0.2796025316245925,0.0012126039193633726,True,1 * pi^1 * K^1 * bits^1,3,LOOK_ELSEWHERE_DIMENSIONLESS_DIAGNOSTIC_ONLY
electron-muon mass ratio,0.0048363317,,1.1e-10,True,MISSING,,,False,MISSING_FROZEN_FORMULA,0.004822877063390768,0.2781992105552209,0.0012098875503589713,True,1 * pi^-1 * K^-1 * bits^-1,3,LOOK_ELSEWHERE_DIMENSIONLESS_DIAGNOSTIC_ONLY
electron-neutron mag. mom. ratio,960.92048,,0.00023,True,MISSING,,,False,MISSING_FROZEN_FORMULA,967.984732881666,0.7351547842612318,0.003181058085481618,True,1 * bits^1 * total_bits^1 * U^-1,3,LOOK_ELSEWHERE_DIMENSIONLESS_DIAGNOSTIC_ONLY
electron-neutron magn. moment ratio,960.9205,,0.00023,True,MISSING,,,False,MISSING_FROZEN_FORMULA,967.984732881666,0.7351526876225498,0.0031810490463470395,True,1 * bits^1 * total_bits^1 * U^-1,3,LOOK_ELSEWHERE_DIMENSIONLESS_DIAGNOSTIC_ONLY
electron-neutron mass ratio,0.00054386734416,,2.2e-13,True,MISSING,,,False,MISSING_FROZEN_FORMULA,0.0005526213301801921,1.6095811072666135,0.006934660958056986,False,1 * pi^-1 * words^-2,3,LOOK_ELSEWHERE_DIMENSIONLESS_DIAGNOSTIC_ONLY
electron-proton mass ratio,0.0005446170214889,,9.4e-15,True,MISSING,,,False,MISSING_FROZEN_FORMULA,0.0005526213301801921,1.4697132802440727,0.0063364332041185726,False,1 * pi^-1 * words^-2,3,LOOK_ELSEWHERE_DIMENSIONLESS_DIAGNOSTIC_ONLY
electron-tau mass ratio,0.000287585,,1.9e-08,True,MISSING,,,False,MISSING_FROZEN_FORMULA,0.00028593161690089366,0.574919797314296,0.002504050011886144,True,1 * entropy^-1 * lnK^-1 * lnDict^-1,3,LOOK_ELSEWHERE_DIMENSIONLESS_DIAGNOSTIC_ONLY
electron-triton mass ratio,0.0001819200062327,,6.8e-15,True,MISSING,,,False,MISSING_FROZEN_FORMULA,0.00018310835670139433,0.653226928309504,0.00282770286792359,True,1 * dict^-1 * checksum^-1 * U^1,3,LOOK_ELSEWHERE_DIMENSIONLESS_DIAGNOSTIC_ONLY
elementary charge,1.602176634e-19,C,0.0,False,MISSING,,,False,MISSING_FROZEN_FORMULA,1.636097905766929e-19,2.117199255505381,0.009098895002567893,False,1 * dict^-3 * entropy^-2 * f1^-2,7,LOOK_ELSEWHERE_RAW_DIMENSIONAL_DIAGNOSTIC_ONLY
elementary charge over h,241798926200000.0,A J^-1,1500000.0,False,MISSING,,,False,MISSING_FROZEN_FORMULA,236294844163338.12,2.276305409275997,0.010000122234489962,False,1 * dict^3 * total_bits^1 * f1^1,5,LOOK_ELSEWHERE_RAW_DIMENSIONAL_DIAGNOSTIC_ONLY
elementary charge over h-bar,1519267447878626.0,A J^-1,0.0,False,MISSING,,,False,MISSING_FROZEN_FORMULA,1516844899853344.0,0.15945500765284198,0.0006930570033674238,True,1 * dict^3 * total_bits^3 * f1^-1,7,LOOK_ELSEWHERE_RAW_DIMENSIONAL_DIAGNOSTIC_ONLY
Faraday constant,96485.33212331001,C mol^-1,0.0,False,MISSING,,,False,MISSING_FROZEN_FORMULA,95325.09090909091,1.2025052810475825,0.005254067998702369,False,1 * K^1 * dict^1 * bip_density^-1,3,LOOK_ELSEWHERE_RAW_DIMENSIONAL_DIAGNOSTIC_ONLY
Faraday constant for conventional electric current,96485.3251,C_90 mol^-1,0.0012,False,MISSING,,,False,MISSING_FROZEN_FORMULA,95325.09090909091,1.202498089431312,0.005254036385763631,False,1 * K^1 * dict^1 * bip_density^-1,3,LOOK_ELSEWHERE_RAW_DIMENSIONAL_DIAGNOSTIC_ONLY
Fermi coupling constant,1.1663787e-05,GeV^-2,6e-12,False,G_F_GeV_minus2,1.1571395524887866e-05,0.7921224479848051,True,FROZEN_NO_FIT_PREDICTION,1.1571395524887866e-05,0.7921224479848051,0.0034538415399839356,True,1 * pi^-1 * total_bits^-1 * f1^-1,3,LOOK_ELSEWHERE_NATURAL_UNIT_DIAGNOSTIC_ONLY
fine-structure constant,0.0072973525643,,1.1e-12,True,alpha,0.007286223671553381,0.1525058937273146,True,FROZEN_NO_FIT_PREDICTION,0.007286223671553381,0.1525058937273146,0.0006628302371894016,True,1 * K^-1 * lnDict^-1 * U^-1,3,LOOK_ELSEWHERE_DIMENSIONLESS_DIAGNOSTIC_ONLY
first radiation constant,3.7417718521927573e-16,W m^2,0.0,False,MISSING,,,False,MISSING_FROZEN_FORMULA,3.658779409801552e-16,2.2179984688956904,0.009741077268364628,False,1 * dict^-2 * words^-2 * f1^-3,7,LOOK_ELSEWHERE_RAW_DIMENSIONAL_DIAGNOSTIC_ONLY
first radiation constant for spectral radiance,1.1910429723971884e-16,W m^2 sr^-1,0.0,False,MISSING,,,False,MISSING_FROZEN_FORMULA,1.1744508029092565e-16,1.3930789965148875,0.0060926018119660304,False,1 * bits^-2 * dict^-2 * entropy^-3,7,LOOK_ELSEWHERE_RAW_DIMENSIONAL_DIAGNOSTIC_ONLY
Hartree energy,4.359744722206e-18,J,4.8e-30,False,MISSING,,,False,MISSING_FROZEN_FORMULA,4.287632120861194e-18,1.6540555913172321,0.007243544816796123,False,1 * dict^-3 * words^-1 * f1^-3,7,LOOK_ELSEWHERE_RAW_DIMENSIONAL_DIAGNOSTIC_ONLY
Hartree energy in eV,27.211386245981,eV,3e-11,False,MISSING,,,False,MISSING_FROZEN_FORMULA,27.162443621016806,0.17986082929318986,0.0007818289697173223,True,1 * pi^-1 * bits^1 * bip_density^-1,3,LOOK_ELSEWHERE_RAW_DIMENSIONAL_DIAGNOSTIC_ONLY
hartree-atomic mass unit relationship,2.92126231797e-08,u,9.1e-18,False,MISSING,,,False,MISSING_FROZEN_FORMULA,2.9802322387695312e-08,2.0186451739298046,0.008679551724150709,False,1 * dict^-2 * checksum^-1,3,LOOK_ELSEWHERE_RAW_DIMENSIONAL_DIAGNOSTIC_ONLY
hartree-electron volt relationship,27.211386245981,eV,3e-11,False,MISSING,,,False,MISSING_FROZEN_FORMULA,27.162443621016806,0.17986082929318986,0.0007818289697173223,True,1 * pi^-1 * bits^1 * bip_density^-1,3,LOOK_ELSEWHERE_RAW_DIMENSIONAL_DIAGNOSTIC_ONLY
hartree-hertz relationship,6579683920499900.0,Hz,7200.0,False,MISSING,,,False,MISSING_FROZEN_FORMULA,6585524894564352.0,0.08877286713201603,0.0003853646390585708,True,1 * bits^1 * dict^3 * total_bits^2,6,LOOK_ELSEWHERE_RAW_DIMENSIONAL_DIAGNOSTIC_ONLY
hartree-inverse meter relationship,21947463.136314,m^-1,2.4e-05,False,MISSING,,,False,MISSING_FROZEN_FORMULA,22235703.58637182,1.3133201239140044,0.005666547788876113,False,1 * dict^1 * f1^2,3,LOOK_ELSEWHERE_RAW_DIMENSIONAL_DIAGNOSTIC_ONLY
hartree-joule relationship,4.359744722206e-18,J,4.8e-30,False,MISSING,,,False,MISSING_FROZEN_FORMULA,4.287632120861194e-18,1.6540555913172321,0.007243544816796123,False,1 * dict^-3 * words^-1 * f1^-3,7,LOOK_ELSEWHERE_RAW_DIMENSIONAL_DIAGNOSTIC_ONLY
hartree-kelvin relationship,315775.02480398,K,3.4e-07,False,MISSING,,,False,MISSING_FROZEN_FORMULA,313132.66286754614,0.8367862335136065,0.0036494066880598816,True,1 * dict^2 * words^-1 * lnK^1,4,LOOK_ELSEWHERE_RAW_DIMENSIONAL_DIAGNOSTIC_ONLY
hartree-kilogram relationship,4.8508702095419e-35,kg,5.3e-47,False,MISSING,,,False,MISSING_FROZEN_FORMULA,3.771190459990763e-25,777425553890.8378,9.890658811796682,False,1 * dict^-3 * entropy^-3 * total_bits^-3,9,LOOK_ELSEWHERE_RAW_DIMENSIONAL_DIAGNOSTIC_ONLY
helion mass,5.0064127862e-27,kg,1.6e-36,False,MISSING,,,False,MISSING_FROZEN_FORMULA,3.771190459990763e-25,7432.719775696316,1.8769518115674007,False,1 * dict^-3 * entropy^-3 * total_bits^-3,9,LOOK_ELSEWHERE_RAW_DIMENSIONAL_DIAGNOSTIC_ONLY
helion mass energy equivalent,4.4995394185e-10,J,1.4e-19,False,MISSING,,,False,MISSING_FROZEN_FORMULA,4.491618367036713e-10,0.1760413839407479,0.000765211758799635,True,1 * bits^-2 * total_bits^-3,5,LOOK_ELSEWHERE_RAW_DIMENSIONAL_DIAGNOSTIC_ONLY
helion mass energy equivalent in MeV,2808.39161112,MeV,8.8e-07,False,MISSING,,,False,MISSING_FROZEN_FORMULA,2790.6915839636763,0.6302549504221371,0.0027458244367503117,True,0.510999 * dict^1 * checksum^1 * U^-1,3,LOOK_ELSEWHERE_NATURAL_UNIT_DIAGNOSTIC_ONLY
helion mass in u,3.014932246932,u,7.4e-11,False,MISSING,,,False,MISSING_FROZEN_FORMULA,3.0000473161956447,0.49370697306721795,0.0021494525161054588,True,1 * U^1,1,LOOK_ELSEWHERE_RAW_DIMENSIONAL_DIAGNOSTIC_ONLY
helion molar mass,0.0030149322501,kg mol^-1,9.4e-13,False,MISSING,,,False,MISSING_FROZEN_FORMULA,0.003054848418570397,1.3239491026398043,0.005712108083196409,False,1 * pi^-1 * f1^-1,2,LOOK_ELSEWHERE_RAW_DIMENSIONAL_DIAGNOSTIC_ONLY
helion relative atomic mass,3.014932246932,,7.4e-11,True,MISSING,,,False,MISSING_FROZEN_FORMULA,3.0000473161956447,0.49370697306721795,0.0021494525161054588,True,1 * U^1,1,LOOK_ELSEWHERE_DIMENSIONLESS_DIAGNOSTIC_ONLY
helion shielding shift,5.9967029e-05,,2.3e-11,True,MISSING,,,False,MISSING_FROZEN_FORMULA,6.103515625e-05,1.7811908774069778,0.007667527972339699,False,1 * dict^-1 * checksum^-1,2,LOOK_ELSEWHERE_DIMENSIONLESS_DIAGNOSTIC_ONLY
helion-electron mass ratio,5495.88527984,,1.6e-07,True,MISSING,,,False,MISSING_FROZEN_FORMULA,5461.247198186369,0.6302548159200216,0.0027458238489101324,True,1 * dict^1 * checksum^1 * U^-1,3,LOOK_ELSEWHERE_DIMENSIONLESS_DIAGNOSTIC_ONLY
helion-proton mass ratio,2.993152671552,,7e-11,True,MISSING,,,False,MISSING_FROZEN_FORMULA,3.0000473161956447,0.230347242530387,0.000999234949768231,True,1 * U^1,1,LOOK_ELSEWHERE_DIMENSIONLESS_DIAGNOSTIC_ONLY
hertz-atomic mass unit relationship,4.439821659e-24,u,1.4e-33,False,MISSING,,,False,MISSING_FROZEN_FORMULA,5.592641446569509e-24,25.96545258147066,0.10025145138331003,False,1 * dict^-3 * total_bits^-3 * f1^-3,9,LOOK_ELSEWHERE_RAW_DIMENSIONAL_DIAGNOSTIC_ONLY
hertz-electron volt relationship,4.135667696923859e-15,eV,0.0,False,MISSING,,,False,MISSING_FROZEN_FORMULA,4.232000928927391e-15,2.329327186398116,0.010000118657546802,False,1 * dict^-3 * total_bits^-1 * f1^-1,5,LOOK_ELSEWHERE_RAW_DIMENSIONAL_DIAGNOSTIC_ONLY
hertz-hartree relationship,1.5198298460574e-16,E_h,1.7e-28,False,MISSING,,,False,MISSING_FROZEN_FORMULA,1.5184818461857054e-16,0.08869413080625214,0.0003853646390460812,True,1 * bits^-1 * dict^-3 * total_bits^-2,6,LOOK_ELSEWHERE_RAW_DIMENSIONAL_DIAGNOSTIC_ONLY
hertz-inverse meter relationship,3.3356409519815204e-09,m^-1,0.0,False,MISSING,,,False,MISSING_FROZEN_FORMULA,3.3482254066141725e-09,0.3772724586912246,0.0016353904670449774,True,1 * total_bits^-1 * f1^-3,4,LOOK_ELSEWHERE_RAW_DIMENSIONAL_DIAGNOSTIC_ONLY
hertz-joule relationship,6.62607015e-34,J,0.0,False,MISSING,,,False,MISSING_FROZEN_FORMULA,3.771190459990763e-25,56914435977.78229,8.755222437111033,False,1 * dict^-3 * entropy^-3 * total_bits^-3,9,LOOK_ELSEWHERE_RAW_DIMENSIONAL_DIAGNOSTIC_ONLY
hertz-kelvin relationship,4.799243073366221e-11,K,0.0,False,MISSING,,,False,MISSING_FROZEN_FORMULA,4.7966924049671335e-11,0.05314730594169464,0.00023087717492023785,True,1 * pi^1 * dict^-3 * lnDict^-1,5,LOOK_ELSEWHERE_RAW_DIMENSIONAL_DIAGNOSTIC_ONLY
hertz-kilogram relationship,7.372497323812708e-51,kg,0.0,False,MISSING,,,False,MISSING_FROZEN_FORMULA,3.771190459990763e-25,5.11521441697924e+27,25.70886384296689,False,1 * dict^-3 * entropy^-3 * total_bits^-3,9,LOOK_ELSEWHERE_RAW_DIMENSIONAL_DIAGNOSTIC_ONLY
hyperfine transition frequency of Cs-133,9192631770.0,Hz,0.0,False,MISSING,,,False,MISSING_FROZEN_FORMULA,9135194112.0,0.6248227867393409,0.002722083868327632,True,1 * dict^1 * checksum^2 * total_bits^2,5,LOOK_ELSEWHERE_RAW_DIMENSIONAL_DIAGNOSTIC_ONLY
inverse fine-structure constant,137.035999177,,2.1e-08,True,MISSING,,,False,MISSING_FROZEN_FORMULA,137.24530635865116,0.1527388298755042,0.0006628302390595211,True,1 * K^1 * lnDict^1 * U^1,3,LOOK_ELSEWHERE_DIMENSIONLESS_DIAGNOSTIC_ONLY
inverse meter-atomic mass unit relationship,1.33102504824e-15,u,4.1e-25,False,MISSING,,,False,MISSING_FROZEN_FORMULA,1.3402914044042683e-15,0.6961819521368957,0.0030130039344128797,True,1 * dict^-3 * checksum^-1 * f1^-2,6,LOOK_ELSEWHERE_RAW_DIMENSIONAL_DIAGNOSTIC_ONLY
inverse meter-electron volt relationship,1.2398419843320026e-06,eV,0.0,False,MISSING,,,False,MISSING_FROZEN_FORMULA,1.2330334595959595e-06,0.5491445540708485,0.002391476854791855,True,1 * K^-2 * bits^-1 * dict^-1,4,LOOK_ELSEWHERE_RAW_DIMENSIONAL_DIAGNOSTIC_ONLY
inverse meter-hartree relationship,4.5563352529132e-08,E_h,5e-20,False,MISSING,,,False,MISSING_FROZEN_FORMULA,4.497271678926752e-08,1.2962956127665182,0.005666547788877795,False,1 * dict^-1 * f1^-2,3,LOOK_ELSEWHERE_RAW_DIMENSIONAL_DIAGNOSTIC_ONLY
inverse meter-hertz relationship,299792458.0,Hz,0.0,False,MISSING,,,False,MISSING_FROZEN_FORMULA,298665674.66592115,0.3758544633163682,0.0016353904670450324,True,1 * total_bits^1 * f1^3,4,LOOK_ELSEWHERE_RAW_DIMENSIONAL_DIAGNOSTIC_ONLY
inverse meter-joule relationship,1.9864458571489286e-25,J,0.0,False,MISSING,,,False,MISSING_FROZEN_FORMULA,3.771190459990763e-25,89.84612373998512,0.27840173418310643,False,1 * dict^-3 * entropy^-3 * total_bits^-3,9,LOOK_ELSEWHERE_RAW_DIMENSIONAL_DIAGNOSTIC_ONLY
inverse meter-kelvin relationship,0.014387768775039337,K,0.0,False,MISSING,,,False,MISSING_FROZEN_FORMULA,0.014322690768253817,0.4523147946220855,0.00196883422240021,True,1 * bits^1 * entropy^-1 * U^-1,3,LOOK_ELSEWHERE_RAW_DIMENSIONAL_DIAGNOSTIC_ONLY
inverse meter-kilogram relationship,2.2102190943042335e-42,kg,0.0,False,MISSING,,,False,MISSING_FROZEN_FORMULA,3.771190459990763e-25,1.7062518687442233e+19,17.23204314003896,False,1 * dict^-3 * entropy^-3 * total_bits^-3,9,LOOK_ELSEWHERE_RAW_DIMENSIONAL_DIAGNOSTIC_ONLY
inverse of conductance quantum,12906.403729652257,ohm,0.0,False,MISSING,,,False,MISSING_FROZEN_FORMULA,12672.0,1.8161815991678432,0.007960082053173567,False,1 * K^1 * checksum^1 * total_bits^1,3,LOOK_ELSEWHERE_RAW_DIMENSIONAL_DIAGNOSTIC_ONLY
Josephson constant,483597848416983.6,Hz V^-1,0.0,False,MISSING,,,False,MISSING_FROZEN_FORMULA,489832430174208.0,1.2892079188591818,0.0055631749657190305,False,1 * K^3 * dict^3 * total_bits^1,7,LOOK_ELSEWHERE_RAW_DIMENSIONAL_DIAGNOSTIC_ONLY
joule-atomic mass unit relationship,6700535247.1,u,2.1,False,MISSING,,,False,MISSING_FROZEN_FORMULA,6643777536.0,0.8470623466172376,0.0036944142095185185,True,1 * K^1 * dict^2 * total_bits^1,4,LOOK_ELSEWHERE_RAW_DIMENSIONAL_DIAGNOSTIC_ONLY
joule-electron volt relationship,6.241509074460763e+18,eV,0.0,False,MISSING,,,False,MISSING_FROZEN_FORMULA,6.11210366124908e+18,2.0733032936087312,0.009098895002567926,False,1 * dict^3 * entropy^2 * f1^2,7,LOOK_ELSEWHERE_RAW_DIMENSIONAL_DIAGNOSTIC_ONLY
joule-hartree relationship,2.2937122783969e+17,E_h,250000.0,False,MISSING,,,False,MISSING_FROZEN_FORMULA,2.332289645687104e+17,1.6818747344007026,0.007243544816796898,False,1 * dict^3 * words^1 * f1^3,7,LOOK_ELSEWHERE_RAW_DIMENSIONAL_DIAGNOSTIC_ONLY
joule-hertz relationship,1.5091901796421518e+33,Hz,0.0,False,MISSING,,,False,MISSING_FROZEN_FORMULA,2.6516825671076006e+24,99.99999982429766,8.755222437111033,False,1 * dict^3 * entropy^3 * total_bits^3,9,LOOK_ELSEWHERE_RAW_DIMENSIONAL_DIAGNOSTIC_ONLY
joule-inverse meter relationship,5.03411656754271e+24,m^-1,0.0,False,MISSING,,,False,MISSING_FROZEN_FORMULA,2.6516825671076006e+24,47.32576150095071,0.2784017341831065,False,1 * dict^3 * entropy^3 * total_bits^3,9,LOOK_ELSEWHERE_RAW_DIMENSIONAL_DIAGNOSTIC_ONLY
joule-kelvin relationship,7.24297051603992e+22,K,0.0,False,MISSING,,,False,MISSING_FROZEN_FORMULA,1.6303886316773337e+23,125.09944339366793,0.35237442111621314,False,1 * dict^3 * entropy^3 * f1^3,9,LOOK_ELSEWHERE_RAW_DIMENSIONAL_DIAGNOSTIC_ONLY
joule-kilogram relationship,1.1126500560536185e-17,kg,0.0,False,MISSING,,,False,MISSING_FROZEN_FORMULA,1.1336475944808902e-17,1.8871646402235778,0.008119476675458287,False,1 * dict^-3 * total_bits^-3 * lnK^1,7,LOOK_ELSEWHERE_RAW_DIMENSIONAL_DIAGNOSTIC_ONLY
kelvin-atomic mass unit relationship,9.2510872884e-14,u,2.9e-23,False,MISSING,,,False,MISSING_FROZEN_FORMULA,9.263371962502046e-14,0.13279167863273922,0.0005763243619642731,True,1 * bits^1 * dict^-3 * words^-3,7,LOOK_ELSEWHERE_RAW_DIMENSIONAL_DIAGNOSTIC_ONLY
kelvin-electron volt relationship,8.617333262145179e-05,eV,0.0,False,MISSING,,,False,MISSING_FROZEN_FORMULA,8.608815426997245e-05,0.09884537233056911,0.00042949229926614064,True,1 * K^1 * total_bits^-2,3,LOOK_ELSEWHERE_RAW_DIMENSIONAL_DIAGNOSTIC_ONLY
kelvin-hartree relationship,3.1668115634564e-06,E_h,3.5e-18,False,MISSING,,,False,MISSING_FROZEN_FORMULA,3.1935346215319474e-06,0.8438474326644383,0.0036494066880704444,True,1 * dict^-2 * words^1 * lnK^-1,4,LOOK_ELSEWHERE_RAW_DIMENSIONAL_DIAGNOSTIC_ONLY
kelvin-hertz relationship,20836619123.327576,Hz,0.0,False,MISSING,,,False,MISSING_FROZEN_FORMULA,20847699113.757366,0.05317556732313606,0.00023087717492021494,True,1 * pi^-1 * dict^3 * lnDict^1,5,LOOK_ELSEWHERE_RAW_DIMENSIONAL_DIAGNOSTIC_ONLY
kelvin-inverse meter relationship,69.50348004861274,m^-1,0.0,False,MISSING,,,False,MISSING_FROZEN_FORMULA,69.81928299509865,0.45436997725152894,0.0019688342224002315,True,1 * bits^-1 * entropy^1 * U^1,3,LOOK_ELSEWHERE_RAW_DIMENSIONAL_DIAGNOSTIC_ONLY
kelvin-joule relationship,1.380649e-23,J,0.0,False,MISSING,,,False,MISSING_FROZEN_FORMULA,6.1335069477956684e-24,55.57519001718997,0.35237442111621314,False,1 * dict^-3 * entropy^-3 * f1^-3,9,LOOK_ELSEWHERE_RAW_DIMENSIONAL_DIAGNOSTIC_ONLY
kelvin-kilogram relationship,1.5361791872403723e-40,kg,0.0,False,MISSING,,,False,MISSING_FROZEN_FORMULA,3.771190459990763e-25,2.4549157359470646e+17,15.3900365897212,False,1 * dict^-3 * entropy^-3 * total_bits^-3,9,LOOK_ELSEWHERE_RAW_DIMENSIONAL_DIAGNOSTIC_ONLY
kilogram-atomic mass unit relationship,6.0221407537e+26,u,1.9e+17,False,MISSING,,,False,MISSING_FROZEN_FORMULA,2.6516825671076006e+24,99.55967774989676,2.3562293684743616,False,1 * dict^3 * entropy^3 * total_bits^3,9,LOOK_ELSEWHERE_RAW_DIMENSIONAL_DIAGNOSTIC_ONLY
kilogram-electron volt relationship,5.609588603804452e+35,eV,0.0,False,MISSING,,,False,MISSING_FROZEN_FORMULA,2.6516825671076006e+24,99.99999999952729,11.325409478664447,False,1 * dict^3 * entropy^3 * total_bits^3,9,LOOK_ELSEWHERE_RAW_DIMENSIONAL_DIAGNOSTIC_ONLY
kilogram-hartree relationship,2.0614857887415e+34,E_h,2.2e+22,False,MISSING,,,False,MISSING_FROZEN_FORMULA,2.6516825671076006e+24,99.99999998713703,9.890658811796687,False,1 * dict^3 * entropy^3 * total_bits^3,9,LOOK_ELSEWHERE_RAW_DIMENSIONAL_DIAGNOSTIC_ONLY
kilogram-hertz relationship,1.3563924896521321e+50,Hz,0.0,False,MISSING,,,False,MISSING_FROZEN_FORMULA,2.6516825671076006e+24,100.0,25.70886384296689,False,1 * dict^3 * entropy^3 * total_bits^3,9,LOOK_ELSEWHERE_RAW_DIMENSIONAL_DIAGNOSTIC_ONLY
kilogram-inverse meter relationship,4.524438335443823e+41,m^-1,0.0,False,MISSING,,,False,MISSING_FROZEN_FORMULA,2.6516825671076006e+24,100.0,17.23204314003896,False,1 * dict^3 * entropy^3 * total_bits^3,9,LOOK_ELSEWHERE_RAW_DIMENSIONAL_DIAGNOSTIC_ONLY
kilogram-joule relationship,8.987551787368176e+16,J,0.0,False,MISSING,,,False,MISSING_FROZEN_FORMULA,8.821083420177952e+16,1.8522103808535708,0.008119476675458316,False,1 * dict^3 * total_bits^3 * lnK^-1,7,LOOK_ELSEWHERE_RAW_DIMENSIONAL_DIAGNOSTIC_ONLY
kilogram-kelvin relationship,6.509657260728958e+39,K,0.0,False,MISSING,,,False,MISSING_FROZEN_FORMULA,2.6516825671076006e+24,99.99999999999997,15.3900365897212,False,1 * dict^3 * entropy^3 * total_bits^3,9,LOOK_ELSEWHERE_RAW_DIMENSIONAL_DIAGNOSTIC_ONLY
lattice parameter of silicon,5.431020511e-10,m,8.9e-18,False,MISSING,,,False,MISSING_FROZEN_FORMULA,5.378878310364809e-10,0.9600810847534474,0.004189723884088554,True,1 * entropy^-1 * total_bits^-2 * f1^-1,4,LOOK_ELSEWHERE_RAW_DIMENSIONAL_DIAGNOSTIC_ONLY
lattice spacing of ideal Si (220),1.920155716e-10,m,3.2e-18,False,MISSING,,,False,MISSING_FROZEN_FORMULA,1.906740265305713e-10,0.6986647271625129,0.003044911648362387,True,1 * entropy^-3 * U^-1 * f1^-1,5,LOOK_ELSEWHERE_RAW_DIMENSIONAL_DIAGNOSTIC_ONLY
lattice spacing of silicon,1.920155762e-10,m,5e-18,False,MISSING,,,False,MISSING_FROZEN_FORMULA,1.906740265305713e-10,0.6986671060640177,0.003044922052490468,True,1 * entropy^-3 * U^-1 * f1^-1,5,LOOK_ELSEWHERE_RAW_DIMENSIONAL_DIAGNOSTIC_ONLY
"Loschmidt constant (273.15 K, 100 kPa)",2.6516458048837345e+25,m^-3,0.0,False,MISSING,,,False,MISSING_FROZEN_FORMULA,2.6516825671076006e+24,89.99986136073001,0.999993979014744,False,1 * dict^3 * entropy^3 * total_bits^3,9,LOOK_ELSEWHERE_RAW_DIMENSIONAL_DIAGNOSTIC_ONLY
"Loschmidt constant (273.15 K, 101.325 kPa)",2.686780111798444e+25,m^-3,0.0,False,MISSING,,,False,MISSING_FROZEN_FORMULA,2.6516825671076006e+24,90.13063050651864,1.0057105914284745,False,1 * dict^3 * entropy^3 * total_bits^3,9,LOOK_ELSEWHERE_RAW_DIMENSIONAL_DIAGNOSTIC_ONLY
luminous efficacy,683.0,lm W^-1,0.0,False,MISSING,,,False,MISSING_FROZEN_FORMULA,682.6558997732961,0.05038070669163374,0.00021885576427632187,True,1 * dict^1 * U^-1,2,LOOK_ELSEWHERE_RAW_DIMENSIONAL_DIAGNOSTIC_ONLY
mag. constant,1.25663706127e-06,N A^-2,2e-16,False,MISSING,,,False,MISSING_FROZEN_FORMULA,1.2715657552083333e-06,1.1879877172527258,0.0051289593639208715,False,1 * K^-1 * dict^-1 * checksum^-2,4,LOOK_ELSEWHERE_RAW_DIMENSIONAL_DIAGNOSTIC_ONLY
mag. flux quantum,2.0678338484619295e-15,Wb,0.0,False,MISSING,,,False,MISSING_FROZEN_FORMULA,2.0415144820941148e-15,1.2727988947173519,0.005563174965719118,False,1 * K^-3 * dict^-3 * total_bits^-1,7,LOOK_ELSEWHERE_RAW_DIMENSIONAL_DIAGNOSTIC_ONLY
magn. constant,1.2566370614359173e-06,N A^-2,0.0,False,MISSING,,,False,MISSING_FROZEN_FORMULA,1.2715657552083333e-06,1.1879877038925983,0.005128959306579747,False,1 * K^-1 * dict^-1 * checksum^-2,4,LOOK_ELSEWHERE_RAW_DIMENSIONAL_DIAGNOSTIC_ONLY
magn. flux quantum,2.0678338484619295e-15,Wb,0.0,False,MISSING,,,False,MISSING_FROZEN_FORMULA,2.0415144820941148e-15,1.2727988947173519,0.005563174965719118,False,1 * K^-3 * dict^-3 * total_bits^-1,7,LOOK_ELSEWHERE_RAW_DIMENSIONAL_DIAGNOSTIC_ONLY
Mo x unit,1.00209952e-13,m,5.3e-20,False,MISSING,,,False,MISSING_FROZEN_FORMULA,1.0156802229425738e-13,1.355224972323481,0.005846141960038005,False,1 * bits^-1 * dict^-3 * f1^-1,5,LOOK_ELSEWHERE_RAW_DIMENSIONAL_DIAGNOSTIC_ONLY
molar gas constant,8.31446261815324,J mol^-1 K^-1,0.0,False,MISSING,,,False,MISSING_FROZEN_FORMULA,8.0,3.782115965819161,0.01674419807140526,False,1 * checksum^1,1,LOOK_ELSEWHERE_RAW_DIMENSIONAL_DIAGNOSTIC_ONLY
molar mass constant,0.00100000000105,kg mol^-1,3.1e-13,False,MISSING,,,False,MISSING_FROZEN_FORMULA,0.0010131453638286187,1.3145362764816144,0.005671760974848202,False,1 * bits^1 * f1^-2,3,LOOK_ELSEWHERE_RAW_DIMENSIONAL_DIAGNOSTIC_ONLY
molar mass of carbon-12,0.0120000000126,kg mol^-1,3.7e-12,False,MISSING,,,False,MISSING_FROZEN_FORMULA,0.011923099511479036,0.6408375086684849,0.002792077865222551,True,1 * bits^-1 * lnDict^-1,2,LOOK_ELSEWHERE_RAW_DIMENSIONAL_DIAGNOSTIC_ONLY
molar Planck constant,3.990312712893431e-10,J Hz^-1 mol^-1,0.0,False,MISSING,,,False,MISSING_FROZEN_FORMULA,4.13921144273546e-10,3.7315052868139813,0.01591068015154161,False,1 * dict^-2 * words^-2,4,LOOK_ELSEWHERE_RAW_DIMENSIONAL_DIAGNOSTIC_ONLY
molar Planck constant times c,0.119626565582,J m mol^-1,5.4e-11,False,MISSING,,,False,MISSING_FROZEN_FORMULA,0.125,4.491840413421128,0.01908237846830264,False,1 * checksum^-1,1,LOOK_ELSEWHERE_RAW_DIMENSIONAL_DIAGNOSTIC_ONLY
"molar volume of ideal gas (273.15 K, 100 kPa)",0.02271095464148557,m^3 mol^-1,0.0,False,MISSING,,,False,MISSING_FROZEN_FORMULA,0.022727272727272728,0.07185116629729235,0.0003119335998625206,True,1 * K^1 * total_bits^-1,2,LOOK_ELSEWHERE_RAW_DIMENSIONAL_DIAGNOSTIC_ONLY
"molar volume of ideal gas (273.15 K, 101.325 kPa)",0.022413969545014137,m^3 mol^-1,0.0,False,MISSING,,,False,MISSING_FROZEN_FORMULA,0.022727272727272728,1.3978031942507194,0.0060285460135931,False,1 * K^1 * total_bits^-1,2,LOOK_ELSEWHERE_RAW_DIMENSIONAL_DIAGNOSTIC_ONLY
molar volume of silicon,1.205883199e-05,m^3 mol^-1,6e-13,False,MISSING,,,False,MISSING_FROZEN_FORMULA,1.2079832992522254e-05,0.17415453287407276,0.0007556856866499068,True,1 * lnDict^-1 * f1^-2,3,LOOK_ELSEWHERE_RAW_DIMENSIONAL_DIAGNOSTIC_ONLY
Molybdenum x unit,1.00209952e-13,m,5.3e-20,False,MISSING,,,False,MISSING_FROZEN_FORMULA,1.0156802229425738e-13,1.355224972323481,0.005846141960038005,False,1 * bits^-1 * dict^-3 * f1^-1,5,LOOK_ELSEWHERE_RAW_DIMENSIONAL_DIAGNOSTIC_ONLY
muon Compton wavelength,1.17344411e-14,m,2.6e-22,False,MISSING,,,False,MISSING_FROZEN_FORMULA,1.224908689256469e-14,4.385771662910217,0.018641306047463776,False,1 * K^-2 * dict^-3 * total_bits^-1,6,LOOK_ELSEWHERE_RAW_DIMENSIONAL_DIAGNOSTIC_ONLY
muon Compton wavelength over 2 pi,1.867594308e-15,m,4.2e-23,False,MISSING,,,False,MISSING_FROZEN_FORMULA,1.8638117840377702e-15,0.20253456256676436,0.0008804883771031701,True,1 * dict^-2 * entropy^-3 * lnDict^-1,6,LOOK_ELSEWHERE_RAW_DIMENSIONAL_DIAGNOSTIC_ONLY
muon mag. mom. anomaly,0.00116592062,,4.1e-10,True,MISSING,,,False,MISSING_FROZEN_FORMULA,0.0011665100711120149,0.05055671045724982,0.00021950952002569734,True,1 * K^-1 * entropy^-1 * lnK^1,3,LOOK_ELSEWHERE_DIMENSIONLESS_DIAGNOSTIC_ONLY
muon mass,1.883531627e-28,kg,4.2e-36,False,MISSING,,,False,MISSING_FROZEN_FORMULA,3.771190459990763e-25,200119.12061000732,3.3015055495613614,False,1 * dict^-3 * entropy^-3 * total_bits^-3,9,LOOK_ELSEWHERE_RAW_DIMENSIONAL_DIAGNOSTIC_ONLY
muon mass energy equivalent,1.692833804e-11,J,3.8e-19,False,MISSING,,,False,MISSING_FROZEN_FORMULA,1.7246714344731083e-11,1.880729838799248,0.008092047440261034,False,1 * dict^-2 * words^-3,5,LOOK_ELSEWHERE_RAW_DIMENSIONAL_DIAGNOSTIC_ONLY
muon mass energy equivalent in MeV,105.6583755,MeV,2.3e-06,False,MISSING,,,False,MISSING_FROZEN_FORMULA,105.95313612259847,0.27897516046748233,0.0012098868694642763,True,0.510999 * pi^1 * K^1 * bits^1,3,LOOK_ELSEWHERE_NATURAL_UNIT_DIAGNOSTIC_ONLY
muon mass in u,0.1134289257,u,2.5e-09,False,MISSING,,,False,MISSING_FROZEN_FORMULA,0.11110760629064763,2.0464968657922973,0.00898002761564098,False,1 * U^-2,2,LOOK_ELSEWHERE_RAW_DIMENSIONAL_DIAGNOSTIC_ONLY
muon molar mass,0.0001134289258,kg mol^-1,2.5e-12,False,MISSING,,,False,MISSING_FROZEN_FORMULA,0.00011303618117322113,0.346247329778447,0.0015063423896536123,True,1 * pi^-1 * bits^-1 * entropy^-1,3,LOOK_ELSEWHERE_RAW_DIMENSIONAL_DIAGNOSTIC_ONLY
muon-electron mass ratio,206.7682827,,4.6e-06,True,MISSING,,,False,MISSING_FROZEN_FORMULA,207.34511513692635,0.2789752999802647,0.0012098874736749792,True,1 * pi^1 * K^1 * bits^1,3,LOOK_ELSEWHERE_DIMENSIONLESS_DIAGNOSTIC_ONLY
muon-neutron mass ratio,0.1124545168,,2.5e-09,True,MISSING,,,False,MISSING_FROZEN_FORMULA,0.11110760629064763,1.197738025719188,0.005233112581367896,False,1 * U^-2,2,LOOK_ELSEWHERE_DIMENSIONLESS_DIAGNOSTIC_ONLY
muon-proton mass ratio,0.1126095262,,2.5e-09,True,MISSING,,,False,MISSING_FROZEN_FORMULA,0.11110760629064763,1.3337414338151932,0.005831339973094184,False,1 * U^-2,2,LOOK_ELSEWHERE_DIMENSIONLESS_DIAGNOSTIC_ONLY
muon-tau mass ratio,0.0594635,,4e-06,True,MISSING,,,False,MISSING_FROZEN_FORMULA,0.05921644270623438,0.4154772150405288,0.0018081534577675373,True,1 * pi^-1 * lnK^-1 * U^-1,3,LOOK_ELSEWHERE_DIMENSIONLESS_DIAGNOSTIC_ONLY
natural unit of action,1.0545718176461565e-34,J s,0.0,False,MISSING,,,False,MISSING_FROZEN_FORMULA,3.771190459990763e-25,357603948430.33344,9.553402305469149,False,1 * dict^-3 * entropy^-3 * total_bits^-3,9,LOOK_ELSEWHERE_RAW_DIMENSIONAL_DIAGNOSTIC_ONLY
natural unit of action in eV s,6.582119569509067e-16,eV s,0.0,False,MISSING,,,False,MISSING_FROZEN_FORMULA,6.592631851131811e-16,0.15970967272368117,0.0006930570033672823,True,1 * dict^-3 * total_bits^-3 * f1^1,7,LOOK_ELSEWHERE_RAW_DIMENSIONAL_DIAGNOSTIC_ONLY
natural unit of energy,8.187105788e-14,J,2.6e-23,False,MISSING,,,False,MISSING_FROZEN_FORMULA,8.317929685514974e-14,1.5979260669469406,0.006884842722765039,False,1 * dict^-2 * total_bits^-1 * f1^-2,5,LOOK_ELSEWHERE_RAW_DIMENSIONAL_DIAGNOSTIC_ONLY
natural unit of energy in MeV,0.51099895069,MeV,1.6e-10,False,MISSING,,,False,MISSING_FROZEN_FORMULA,0.5000078860326074,2.1508976960816537,0.009443154331407196,False,1 * K^-1 * U^1,2,LOOK_ELSEWHERE_RAW_DIMENSIONAL_DIAGNOSTIC_ONLY
natural unit of length,3.8615926744e-13,m,1.2e-22,False,MISSING,,,False,MISSING_FROZEN_FORMULA,3.724102080675221e-13,3.5604633972986743,0.01574488509853721,False,1 * dict^-3 * U^-1 * f1^-1,5,LOOK_ELSEWHERE_RAW_DIMENSIONAL_DIAGNOSTIC_ONLY
natural unit of mass,9.1093837139e-31,kg,2.8e-40,False,MISSING,,,False,MISSING_FROZEN_FORMULA,3.771190459990763e-25,41398863.73270902,5.616989470328657,False,1 * dict^-3 * entropy^-3 * total_bits^-3,9,LOOK_ELSEWHERE_RAW_DIMENSIONAL_DIAGNOSTIC_ONLY
natural unit of mom.um,2.730924488e-22,kg m s^-1,3.4e-30,False,MISSING,,,False,MISSING_FROZEN_FORMULA,4.5768284812213825e-22,67.5926412953745,0.22425494558916337,False,1 * dict^-3 * words^-3 * total_bits^-3,9,LOOK_ELSEWHERE_RAW_DIMENSIONAL_DIAGNOSTIC_ONLY
natural unit of mom.um in MeV/c,0.5109989461,MeV/c,3.1e-09,False,MISSING,,,False,MISSING_FROZEN_FORMULA,0.5000078860326074,2.150896817161281,0.009443150430397826,False,1 * K^-1 * U^1,2,LOOK_ELSEWHERE_RAW_DIMENSIONAL_DIAGNOSTIC_ONLY
natural unit of momentum,2.730924488e-22,kg m s^-1,3.4e-30,False,MISSING,,,False,MISSING_FROZEN_FORMULA,4.5768284812213825e-22,67.5926412953745,0.22425494558916337,False,1 * dict^-3 * words^-3 * total_bits^-3,9,LOOK_ELSEWHERE_RAW_DIMENSIONAL_DIAGNOSTIC_ONLY
natural unit of momentum in MeV/c,0.5109989461,MeV/c,3.1e-09,False,MISSING,,,False,MISSING_FROZEN_FORMULA,0.5000078860326074,2.150896817161281,0.009443150430397826,False,1 * K^-1 * U^1,2,LOOK_ELSEWHERE_RAW_DIMENSIONAL_DIAGNOSTIC_ONLY
natural unit of time,1.28808866644e-21,s,4e-31,False,MISSING,,,False,MISSING_FROZEN_FORMULA,1.4764573418943504e-21,14.623890448082348,0.0592751447556569,False,1 * dict^-3 * total_bits^-2 * f1^-3,8,LOOK_ELSEWHERE_RAW_DIMENSIONAL_DIAGNOSTIC_ONLY
natural unit of velocity,299792458.0,m s^-1,0.0,False,MISSING,,,False,MISSING_FROZEN_FORMULA,298665674.66592115,0.3758544633163682,0.0016353904670450324,True,1 * total_bits^1 * f1^3,4,LOOK_ELSEWHERE_RAW_DIMENSIONAL_DIAGNOSTIC_ONLY
neutron Compton wavelength,1.31959090382e-15,m,6.7e-25,False,MISSING,,,False,MISSING_FROZEN_FORMULA,1.3402914044042683e-15,1.568705916685521,0.0067599191565030714,False,1 * dict^-3 * checksum^-1 * f1^-2,6,LOOK_ELSEWHERE_RAW_DIMENSIONAL_DIAGNOSTIC_ONLY
neutron Compton wavelength over 2 pi,2.1001941536e-16,m,1.4e-25,False,MISSING,,,False,MISSING_FROZEN_FORMULA,2.0879125385053449e-16,0.5847847482863812,0.002547142824287635,True,1 * dict^-3 * checksum^-1 * total_bits^-2,6,LOOK_ELSEWHERE_RAW_DIMENSIONAL_DIAGNOSTIC_ONLY
neutron gyromag. ratio,183247174.0,s^-1 T^-1,43.0,False,MISSING,,,False,MISSING_FROZEN_FORMULA,184549376.0,0.7106259657788774,0.0030752953286001337,True,1 * bits^1 * entropy^3,4,LOOK_ELSEWHERE_RAW_DIMENSIONAL_DIAGNOSTIC_ONLY
neutron gyromag. ratio in MHz/T,29.1646935,MHz T^-1,6.9e-06,False,MISSING,,,False,MISSING_FROZEN_FORMULA,29.332408060730973,0.5750602547253744,0.0024903014300939087,True,1 * total_bits^1 * U^-2,3,LOOK_ELSEWHERE_RAW_DIMENSIONAL_DIAGNOSTIC_ONLY
neutron gyromag. ratio over 2 pi,29.1646933,MHz T^-1,6.9e-06,False,MISSING,,,False,MISSING_FROZEN_FORMULA,29.332408060730973,0.5750609444295904,0.0024903044083146382,True,1 * total_bits^1 * U^-2,3,LOOK_ELSEWHERE_RAW_DIMENSIONAL_DIAGNOSTIC_ONLY
neutron gyromagn. ratio,183247174.0,s^-1 T^-1,43.0,False,MISSING,,,False,MISSING_FROZEN_FORMULA,184549376.0,0.7106259657788774,0.0030752953286001337,True,1 * bits^1 * entropy^3,4,LOOK_ELSEWHERE_RAW_DIMENSIONAL_DIAGNOSTIC_ONLY
neutron gyromagn. ratio over 2 pi,29.164695,MHz T^-1,7.3e-06,False,MISSING,,,False,MISSING_FROZEN_FORMULA,29.332408060730973,0.5750550819440249,0.002490279093438556,True,1 * total_bits^1 * U^-2,3,LOOK_ELSEWHERE_RAW_DIMENSIONAL_DIAGNOSTIC_ONLY
neutron mass,1.67492750056e-27,kg,8.5e-37,False,MISSING,,,False,MISSING_FROZEN_FORMULA,3.771190459990763e-25,22415.544456281794,2.3524824532532,False,1 * dict^-3 * entropy^-3 * total_bits^-3,9,LOOK_ELSEWHERE_RAW_DIMENSIONAL_DIAGNOSTIC_ONLY
neutron mass energy equivalent,1.50534976514e-10,J,7.6e-20,False,MISSING,,,False,MISSING_FROZEN_FORMULA,1.505167797358349e-10,0.01208807320829622,5.250100815612985e-05,True,1 * K^-1 * dict^-2 * total_bits^-1,4,LOOK_ELSEWHERE_RAW_DIMENSIONAL_DIAGNOSTIC_ONLY
neutron mass energy equivalent in MeV,939.56542194,MeV,4.8e-07,False,MISSING,,,False,MISSING_FROZEN_FORMULA,924.6819152517684,1.5840841244987878,0.006934661548798746,False,0.510999 * pi^1 * words^2,3,LOOK_ELSEWHERE_NATURAL_UNIT_DIAGNOSTIC_ONLY
neutron mass in u,1.00866491606,u,4e-10,False,MISSING,,,False,MISSING_FROZEN_FORMULA,1.0,0.8590480269549351,0.003746915220504437,True,1 * 1,0,LOOK_ELSEWHERE_RAW_DIMENSIONAL_DIAGNOSTIC_ONLY
neutron molar mass,0.00100866491712,kg mol^-1,5.1e-13,False,MISSING,,,False,MISSING_FROZEN_FORMULA,0.0010131453638286187,0.44419575149015456,0.0019248457539554579,True,1 * bits^1 * f1^-2,3,LOOK_ELSEWHERE_RAW_DIMENSIONAL_DIAGNOSTIC_ONLY
neutron relative atomic mass,1.00866491606,,4e-10,True,MISSING,,,False,MISSING_FROZEN_FORMULA,1.0,0.8590480269549351,0.003746915220504437,True,1 * 1,0,LOOK_ELSEWHERE_DIMENSIONLESS_DIAGNOSTIC_ONLY
neutron-electron mag. mom. ratio,0.00104066884,,2.4e-10,True,MISSING,,,False,MISSING_FROZEN_FORMULA,0.00103307414469547,0.7297898248332266,0.00318105863001877,True,1 * bits^-1 * total_bits^-1 * U^1,3,LOOK_ELSEWHERE_DIMENSIONLESS_DIAGNOSTIC_ONLY
neutron-electron magn. moment ratio,0.00104066882,,2.5e-10,True,MISSING,,,False,MISSING_FROZEN_FORMULA,0.00103307414469547,0.7297879170176398,0.003181050283569509,True,1 * bits^-1 * total_bits^-1 * U^1,3,LOOK_ELSEWHERE_DIMENSIONLESS_DIAGNOSTIC_ONLY
neutron-electron mass ratio,1838.683662,,7.4e-07,True,MISSING,,,False,MISSING_FROZEN_FORMULA,1809.5573684677208,1.5840839908588409,0.0069346609590659825,False,1 * pi^1 * words^2,3,LOOK_ELSEWHERE_DIMENSIONLESS_DIAGNOSTIC_ONLY
neutron-muon mass ratio,8.89248408,,2e-07,True,MISSING,,,False,MISSING_FROZEN_FORMULA,9.00028389941269,1.2122576598719148,0.005233112421507366,False,1 * U^2,2,LOOK_ELSEWHERE_DIMENSIONLESS_DIAGNOSTIC_ONLY
neutron-proton mass difference,2.30557461e-30,kg,6.7e-37,False,MISSING,,,False,MISSING_FROZEN_FORMULA,3.771190459990763e-25,16356735.487491608,5.213699285688867,False,1 * dict^-3 * entropy^-3 * total_bits^-3,9,LOOK_ELSEWHERE_RAW_DIMENSIONAL_DIAGNOSTIC_ONLY
neutron-proton mass difference energy equivalent,2.07214712e-13,J,6e-20,False,MISSING,,,False,MISSING_FROZEN_FORMULA,2.107456940045694e-13,1.7040209020339294,0.0073381232378454345,False,1 * dict^-2 * f1^-3,5,LOOK_ELSEWHERE_RAW_DIMENSIONAL_DIAGNOSTIC_ONLY
neutron-proton mass difference energy equivalent in MeV,1.29333251,MeV,3.8e-07,False,MISSING,,,False,MISSING_FROZEN_FORMULA,1.2929292929292928,0.03117659747895134,0.00013541935316665641,True,1 * K^-1 * bip_density^-1,2,LOOK_ELSEWHERE_RAW_DIMENSIONAL_DIAGNOSTIC_ONLY
neutron-proton mass difference in u,0.00138844948,u,4e-10,False,MISSING,,,False,MISSING_FROZEN_FORMULA,0.0013774104683195593,0.7950603777417022,0.0034667028732375924,True,1 * K^-1 * bits^-2,3,LOOK_ELSEWHERE_RAW_DIMENSIONAL_DIAGNOSTIC_ONLY
neutron-proton mass ratio,1.00137841946,,4e-10,True,MISSING,,,False,MISSING_FROZEN_FORMULA,1.0,0.1376522035239454,0.0005982277554923512,True,1 * 1,0,LOOK_ELSEWHERE_DIMENSIONLESS_DIAGNOSTIC_ONLY
neutron-tau mass ratio,0.528779,,3.6e-05,True,MISSING,,,False,MISSING_FROZEN_FORMULA,0.5235987755982988,0.9796577401336255,0.0042755768803733624,True,1 * pi^1 * K^-1,2,LOOK_ELSEWHERE_DIMENSIONLESS_DIAGNOSTIC_ONLY
Newtonian constant of gravitation,6.6743e-11,m^3 kg^-1 s^-2,1.5e-15,False,MISSING,,,False,MISSING_FROZEN_FORMULA,6.723597887956012e-11,0.7386225964672278,0.0031960084351009845,True,1 * dict^-1 * total_bits^-2 * f1^-1,4,LOOK_ELSEWHERE_RAW_DIMENSIONAL_DIAGNOSTIC_ONLY
Newtonian constant of gravitation over h-bar c,6.70883e-39,(GeV/c^2)^-2,1.5e-43,False,MISSING,,,False,MISSING_FROZEN_FORMULA,3.771190459990763e-25,5621234194324041.0,13.749831679437024,False,1 * dict^-3 * entropy^-3 * total_bits^-3,9,LOOK_ELSEWHERE_RAW_DIMENSIONAL_DIAGNOSTIC_ONLY
nuclear magneton,5.0507837393e-27,J T^-1,1.6e-36,False,MISSING,,,False,MISSING_FROZEN_FORMULA,3.771190459990763e-25,7366.545103975133,1.8731196929311202,False,1 * dict^-3 * entropy^-3 * total_bits^-3,9,LOOK_ELSEWHERE_RAW_DIMENSIONAL_DIAGNOSTIC_ONLY
nuclear magneton in eV/T,3.15245125417e-08,eV T^-1,9.8e-18,False,MISSING,,,False,MISSING_FROZEN_FORMULA,3.126957288414702e-08,0.8087029330453456,0.003526430684567505,True,1 * dict^-2 * lnDict^-1,3,LOOK_ELSEWHERE_RAW_DIMENSIONAL_DIAGNOSTIC_ONLY
nuclear magneton in inverse meter per tesla,0.0254262341009,m^-1 T^-1,7.9e-12,False,MISSING,,,False,MISSING_FROZEN_FORMULA,0.025591834629545004,0.6512978995939589,0.002819379492904135,True,1 * checksum^1 * U^-1 * f1^-1,3,LOOK_ELSEWHERE_RAW_DIMENSIONAL_DIAGNOSTIC_ONLY
nuclear magneton in inverse meters per tesla,0.02542623432,m^-1 T^-1,1.6e-10,False,MISSING,,,False,MISSING_FROZEN_FORMULA,0.025591834629545004,0.6512970322732501,0.002819375750552021,True,1 * checksum^1 * U^-1 * f1^-1,3,LOOK_ELSEWHERE_RAW_DIMENSIONAL_DIAGNOSTIC_ONLY
nuclear magneton in K/T,0.00036582677706,K T^-1,1.1e-13,False,MISSING,,,False,MISSING_FROZEN_FORMULA,0.0003662109375,0.10501156943386128,0.00045582016132436024,True,1 * words^1 * entropy^-2,3,LOOK_ELSEWHERE_RAW_DIMENSIONAL_DIAGNOSTIC_ONLY
nuclear magneton in MHz/T,7.6225932188,MHz T^-1,2.4e-09,False,MISSING,,,False,MISSING_FROZEN_FORMULA,7.6246189861593985,0.026575829265066905,0.0001154020261745987,True,1 * lnDict^1,1,LOOK_ELSEWHERE_RAW_DIMENSIONAL_DIAGNOSTIC_ONLY
Planck constant,6.62607015e-34,J Hz^-1,0.0,False,MISSING,,,False,MISSING_FROZEN_FORMULA,3.771190459990763e-25,56914435977.78229,8.755222437111033,False,1 * dict^-3 * entropy^-3 * total_bits^-3,9,LOOK_ELSEWHERE_RAW_DIMENSIONAL_DIAGNOSTIC_ONLY
Planck constant in eV s,4.135667662e-15,eV s,2.5e-23,False,MISSING,,,False,MISSING_FROZEN_FORMULA,4.232000928927391e-15,2.329328050523404,0.010000122324968944,False,1 * dict^-3 * total_bits^-1 * f1^-1,5,LOOK_ELSEWHERE_RAW_DIMENSIONAL_DIAGNOSTIC_ONLY
Planck constant in eV/Hz,4.135667696923859e-15,eV Hz^-1,0.0,False,MISSING,,,False,MISSING_FROZEN_FORMULA,4.232000928927391e-15,2.329327186398116,0.010000118657546802,False,1 * dict^-3 * total_bits^-1 * f1^-1,5,LOOK_ELSEWHERE_RAW_DIMENSIONAL_DIAGNOSTIC_ONLY
Planck constant over 2 pi,1.0545718e-34,J s,1.3e-42,False,MISSING,,,False,MISSING_FROZEN_FORMULA,3.771190459990763e-25,357603954414.1225,9.553402312736202,False,1 * dict^-3 * entropy^-3 * total_bits^-3,9,LOOK_ELSEWHERE_RAW_DIMENSIONAL_DIAGNOSTIC_ONLY
Planck constant over 2 pi in eV s,6.582119514e-16,eV s,4e-24,False,MISSING,,,False,MISSING_FROZEN_FORMULA,6.592631851131811e-16,0.1597105174017601,0.0006930606659081393,True,1 * dict^-3 * total_bits^-3 * f1^1,7,LOOK_ELSEWHERE_RAW_DIMENSIONAL_DIAGNOSTIC_ONLY
Planck constant over 2 pi times c in MeV fm,197.3269788,MeV fm,1.2e-06,False,MISSING,,,False,MISSING_FROZEN_FORMULA,198.0,0.3410690236544552,0.0014787236460977982,True,1 * K^1 * entropy^1 * bip_density^1,3,LOOK_ELSEWHERE_RAW_DIMENSIONAL_DIAGNOSTIC_ONLY
Planck length,1.616255e-35,m,1.8e-40,False,MISSING,,,False,MISSING_FROZEN_FORMULA,3.771190459990763e-25,2333289276648.262,10.367968585132127,False,1 * dict^-3 * entropy^-3 * total_bits^-3,9,LOOK_ELSEWHERE_RAW_DIMENSIONAL_DIAGNOSTIC_ONLY
Planck mass,2.176434e-08,kg,2.4e-13,False,MISSING,,,False,MISSING_FROZEN_FORMULA,2.1674416281960228e-08,0.4131699745536667,0.001798091550793717,True,1 * bits^-1 * dict^-2,3,LOOK_ELSEWHERE_RAW_DIMENSIONAL_DIAGNOSTIC_ONLY
Planck mass energy equivalent in GeV,1.22089e+19,GeV,140000000000000.0,False,MISSING,,,False,MISSING_FROZEN_FORMULA,1.293448966003973e+19,5.94312067458763,0.02507276142374538,False,1 * bits^3 * dict^3 * f1^3,9,LOOK_ELSEWHERE_RAW_DIMENSIONAL_DIAGNOSTIC_ONLY
Planck temperature,1.416784e+32,K,1.6e+27,False,MISSING,,,False,MISSING_FROZEN_FORMULA,2.6516825671076006e+24,99.99999812837909,7.727782110186532,False,1 * dict^3 * entropy^3 * total_bits^3,9,LOOK_ELSEWHERE_RAW_DIMENSIONAL_DIAGNOSTIC_ONLY
Planck time,5.391247e-44,s,6e-49,False,MISSING,,,False,MISSING_FROZEN_FORMULA,3.771190459990763e-25,6.99502445350911e+20,18.844789237055938,False,1 * dict^-3 * entropy^-3 * total_bits^-3,9,LOOK_ELSEWHERE_RAW_DIMENSIONAL_DIAGNOSTIC_ONLY
proton charge to mass quotient,95788331.43,C kg^-1,0.03,False,MISSING,,,False,MISSING_FROZEN_FORMULA,95941422.906886,0.15982267839988962,0.000693546997937743,True,1 * dict^2 * lnDict^1 * U^1,4,LOOK_ELSEWHERE_RAW_DIMENSIONAL_DIAGNOSTIC_ONLY
proton Compton wavelength,1.3214098536e-15,m,4.1e-25,False,MISSING,,,False,MISSING_FROZEN_FORMULA,1.3402914044042683e-15,1.4288943549821493,0.0061616914013605225,False,1 * dict^-3 * checksum^-1 * f1^-2,6,LOOK_ELSEWHERE_RAW_DIMENSIONAL_DIAGNOSTIC_ONLY
proton Compton wavelength over 2 pi,2.10308910109e-16,m,9.7e-26,False,MISSING,,,False,MISSING_FROZEN_FORMULA,2.0879125385053449e-16,0.7216319354605257,0.003145370373049638,True,1 * dict^-3 * checksum^-1 * total_bits^-2,6,LOOK_ELSEWHERE_RAW_DIMENSIONAL_DIAGNOSTIC_ONLY
proton g factor,5.5856946893,,1.6e-09,True,MISSING,,,False,MISSING_FROZEN_FORMULA,5.628978385526804,0.774902651047479,0.0033523872951128626,True,1 * pi^1 * lnK^1,2,LOOK_ELSEWHERE_DIMENSIONLESS_DIAGNOSTIC_ONLY
proton gyromag. ratio,267522187.08,s^-1 T^-1,0.11,False,MISSING,,,False,MISSING_FROZEN_FORMULA,268435456.0,0.3413806271428554,0.0014800723208403556,True,1 * dict^2 * checksum^2,4,LOOK_ELSEWHERE_RAW_DIMENSIONAL_DIAGNOSTIC_ONLY
proton gyromag. ratio in MHz/T,42.577478461,MHz T^-1,1.8e-08,False,MISSING,,,False,MISSING_FROZEN_FORMULA,42.666666666666664,0.20947272804884473,0.0009087770109629798,True,1 * K^-1 * entropy^1,2,LOOK_ELSEWHERE_RAW_DIMENSIONAL_DIAGNOSTIC_ONLY
proton gyromag. ratio over 2 pi,42.57747892,MHz T^-1,2.9e-07,False,MISSING,,,False,MISSING_FROZEN_FORMULA,42.666666666666664,0.20947164775595187,0.0009087723291176924,True,1 * K^-1 * entropy^1,2,LOOK_ELSEWHERE_RAW_DIMENSIONAL_DIAGNOSTIC_ONLY
proton gyromagn. ratio,267522187.08,s^-1 T^-1,0.11,False,MISSING,,,False,MISSING_FROZEN_FORMULA,268435456.0,0.3413806271428554,0.0014800723208403556,True,1 * dict^2 * checksum^2,4,LOOK_ELSEWHERE_RAW_DIMENSIONAL_DIAGNOSTIC_ONLY
proton gyromagn. ratio over 2 pi,42.5774813,MHz T^-1,3.7e-06,False,MISSING,,,False,MISSING_FROZEN_FORMULA,42.666666666666664,0.20946604623759646,0.0009087480528836983,True,1 * K^-1 * entropy^1,2,LOOK_ELSEWHERE_RAW_DIMENSIONAL_DIAGNOSTIC_ONLY
proton mag. mom.,1.41060679545e-26,J T^-1,6e-36,False,MISSING,,,False,MISSING_FROZEN_FORMULA,3.771190459990763e-25,2573.4526390734627,1.4270724948619284,False,1 * dict^-3 * entropy^-3 * total_bits^-3,9,LOOK_ELSEWHERE_RAW_DIMENSIONAL_DIAGNOSTIC_ONLY
proton mag. mom. to Bohr magneton ratio,0.0015210322023,,4.5e-13,True,MISSING,,,False,MISSING_FROZEN_FORMULA,0.0015339807878856412,0.851302527721718,0.00368151164099126,True,1 * pi^1 * dict^-1,2,LOOK_ELSEWHERE_DIMENSIONLESS_DIAGNOSTIC_ONLY
proton mag. mom. to nuclear magneton ratio,2.79284734463,,8.2e-10,True,MISSING,,,False,MISSING_FROZEN_FORMULA,2.75,1.5341814049516782,0.00671450424214283,False,1 * K^1 * bits^1 * words^-1,3,LOOK_ELSEWHERE_DIMENSIONLESS_DIAGNOSTIC_ONLY
proton mag. shielding correction,2.56715e-05,,4.1e-09,True,MISSING,,,False,MISSING_FROZEN_FORMULA,2.5708210933598125e-05,0.1430026823447219,0.0006206091202377642,True,1 * total_bits^-2 * lnK^1,3,LOOK_ELSEWHERE_DIMENSIONLESS_DIAGNOSTIC_ONLY
proton magn. moment,1.41060671e-26,J T^-1,1.2e-33,False,MISSING,,,False,MISSING_FROZEN_FORMULA,3.771190459990763e-25,2573.4528010225918,1.4270725211700852,False,1 * dict^-3 * entropy^-3 * total_bits^-3,9,LOOK_ELSEWHERE_RAW_DIMENSIONAL_DIAGNOSTIC_ONLY
proton magn. moment to Bohr magneton ratio,0.001521032206,,1.5e-11,True,MISSING,,,False,MISSING_FROZEN_FORMULA,0.0015339807878856412,0.8513022823950169,0.003681510584544529,True,1 * pi^1 * dict^-1,2,LOOK_ELSEWHERE_DIMENSIONLESS_DIAGNOSTIC_ONLY
proton magn. moment to nuclear magneton ratio,2.792847351,,2.8e-08,True,MISSING,,,False,MISSING_FROZEN_FORMULA,2.75,1.534181629535105,0.006714505232693111,False,1 * K^1 * bits^1 * words^-1,3,LOOK_ELSEWHERE_DIMENSIONLESS_DIAGNOSTIC_ONLY
proton magn. shielding correction,2.56715e-05,,4.1e-09,True,MISSING,,,False,MISSING_FROZEN_FORMULA,2.5708210933598125e-05,0.1430026823447219,0.0006206091202377642,True,1 * total_bits^-2 * lnK^1,3,LOOK_ELSEWHERE_DIMENSIONLESS_DIAGNOSTIC_ONLY
proton mass,1.67262192595e-27,kg,5.2e-37,False,MISSING,,,False,MISSING_FROZEN_FORMULA,3.771190459990763e-25,22446.58032088655,2.3530806810081866,False,1 * dict^-3 * entropy^-3 * total_bits^-3,9,LOOK_ELSEWHERE_RAW_DIMENSIONAL_DIAGNOSTIC_ONLY
proton mass energy equivalent,1.50327761802e-10,J,4.7e-20,False,MISSING,,,False,MISSING_FROZEN_FORMULA,1.505167797358349e-10,0.12573721019265785,0.0005457267466262364,True,1 * K^-1 * dict^-2 * total_bits^-1,4,LOOK_ELSEWHERE_RAW_DIMENSIONAL_DIAGNOSTIC_ONLY
proton mass energy equivalent in MeV,938.27208943,MeV,2.9e-07,False,proton_mass_MeV,924.6819152517684,1.4484257105513714,False,FROZEN_NO_FIT_PREDICTION,924.6819152517684,1.4484257105513714,0.006336433791848148,False,0.510999 * pi^1 * words^2,3,LOOK_ELSEWHERE_NATURAL_UNIT_DIAGNOSTIC_ONLY
proton mass in u,1.0072764665789,u,8.3e-12,False,MISSING,,,False,MISSING_FROZEN_FORMULA,1.0,0.7223902096723963,0.003148687465887101,True,1 * 1,0,LOOK_ELSEWHERE_RAW_DIMENSIONAL_DIAGNOSTIC_ONLY
proton molar mass,0.00100727646764,kg mol^-1,3.1e-13,False,MISSING,,,False,MISSING_FROZEN_FORMULA,0.0010131453638286187,0.5826499850998521,0.002523073507469413,True,1 * bits^1 * f1^-2,3,LOOK_ELSEWHERE_RAW_DIMENSIONAL_DIAGNOSTIC_ONLY
proton relative atomic mass,1.0072764665789,,8.3e-12,True,MISSING,,,False,MISSING_FROZEN_FORMULA,1.0,0.7223902096723963,0.003148687465887101,True,1 * 1,0,LOOK_ELSEWHERE_DIMENSIONLESS_DIAGNOSTIC_ONLY
proton rms charge radius,8.4075e-16,m,6.4e-19,False,MISSING,,,False,MISSING_FROZEN_FORMULA,8.232253672053492e-16,2.084404733232326,0.009148131497160568,False,1 * dict^-2 * entropy^-1 * f1^-3,6,LOOK_ELSEWHERE_RAW_DIMENSIONAL_DIAGNOSTIC_ONLY
proton-electron mass ratio,1836.152673426,,3.2e-08,True,MISSING,,,False,MISSING_FROZEN_FORMULA,1809.5573684677208,1.4484255771964862,0.006336433204183364,False,1 * pi^1 * words^2,3,LOOK_ELSEWHERE_DIMENSIONLESS_DIAGNOSTIC_ONLY
proton-muon mass ratio,8.88024338,,2e-07,True,MISSING,,,False,MISSING_FROZEN_FORMULA,9.00028389941269,1.3517706021779117,0.005831340163103796,False,1 * U^2,2,LOOK_ELSEWHERE_DIMENSIONLESS_DIAGNOSTIC_ONLY
proton-neutron mass ratio,0.99862347797,,4e-10,True,MISSING,,,False,MISSING_FROZEN_FORMULA,1.0,0.1378419454746088,0.0005982277532138142,True,1 * 1,0,LOOK_ELSEWHERE_DIMENSIONLESS_DIAGNOSTIC_ONLY
proton-tau mass ratio,0.528051,,3.6e-05,True,MISSING,,,False,MISSING_FROZEN_FORMULA,0.5235987755982988,0.843142878566887,0.0036772470963316187,True,1 * pi^1 * K^-1,2,LOOK_ELSEWHERE_DIMENSIONLESS_DIAGNOSTIC_ONLY
quantum of circulation,0.00036369475467,m^2 s^-1,1.1e-13,False,MISSING,,,False,MISSING_FROZEN_FORMULA,0.0003551136363636364,2.359428668183503,0.010369688026568605,False,1 * bits^-1 * entropy^-1,2,LOOK_ELSEWHERE_RAW_DIMENSIONAL_DIAGNOSTIC_ONLY
quantum of circulation times 2,0.00072738950934,m^2 s^-1,2.3e-13,False,MISSING,,,False,MISSING_FROZEN_FORMULA,0.0007266950835063548,0.09546822228372834,0.0004148112593374925,True,1 * entropy^-1 * lnK^-1 * U^-1,3,LOOK_ELSEWHERE_RAW_DIMENSIONAL_DIAGNOSTIC_ONLY
reduced Compton wavelength,3.8615926744e-13,m,1.2e-22,False,MISSING,,,False,MISSING_FROZEN_FORMULA,3.724102080675221e-13,3.5604633972986743,0.01574488509853721,False,1 * dict^-3 * U^-1 * f1^-1,5,LOOK_ELSEWHERE_RAW_DIMENSIONAL_DIAGNOSTIC_ONLY
reduced muon Compton wavelength,1.867594306e-15,m,4.2e-23,False,MISSING,,,False,MISSING_FROZEN_FORMULA,1.8638117840377702e-15,0.20253445569402734,0.000880487912018784,True,1 * dict^-2 * entropy^-3 * lnDict^-1,6,LOOK_ELSEWHERE_RAW_DIMENSIONAL_DIAGNOSTIC_ONLY
reduced neutron Compton wavelength,2.100194152e-16,m,1.1e-25,False,MISSING,,,False,MISSING_FROZEN_FORMULA,2.0879125385053449e-16,0.5847846725484585,0.002547142493427176,True,1 * dict^-3 * checksum^-1 * total_bits^-2,6,LOOK_ELSEWHERE_RAW_DIMENSIONAL_DIAGNOSTIC_ONLY
reduced Planck constant,1.0545718176461565e-34,J s,0.0,False,MISSING,,,False,MISSING_FROZEN_FORMULA,3.771190459990763e-25,357603948430.33344,9.553402305469149,False,1 * dict^-3 * entropy^-3 * total_bits^-3,9,LOOK_ELSEWHERE_RAW_DIMENSIONAL_DIAGNOSTIC_ONLY
reduced Planck constant in eV s,6.582119569509067e-16,eV s,0.0,False,MISSING,,,False,MISSING_FROZEN_FORMULA,6.592631851131811e-16,0.15970967272368117,0.0006930570033672823,True,1 * dict^-3 * total_bits^-3 * f1^1,7,LOOK_ELSEWHERE_RAW_DIMENSIONAL_DIAGNOSTIC_ONLY
reduced Planck constant times c in MeV fm,197.3269804593025,MeV fm,0.0,False,MISSING,,,False,MISSING_FROZEN_FORMULA,198.0,0.341068179896624,0.001478719994159763,True,1 * K^1 * entropy^1 * bip_density^1,3,LOOK_ELSEWHERE_RAW_DIMENSIONAL_DIAGNOSTIC_ONLY
reduced proton Compton wavelength,2.10308910051e-16,m,6.6e-26,False,MISSING,,,False,MISSING_FROZEN_FORMULA,2.0879125385053449e-16,0.7216319080810555,0.0031453702532778186,True,1 * dict^-3 * checksum^-1 * total_bits^-2,6,LOOK_ELSEWHERE_RAW_DIMENSIONAL_DIAGNOSTIC_ONLY
reduced tau Compton wavelength,1.110538e-16,m,7.5e-21,False,MISSING,,,False,MISSING_FROZEN_FORMULA,1.0708852689353736e-16,3.570587504851387,0.01579047920862017,False,1 * bits^-2 * dict^-2 * total_bits^-3,7,LOOK_ELSEWHERE_RAW_DIMENSIONAL_DIAGNOSTIC_ONLY
Rydberg constant,10973731.568157,m^-1,1.2e-05,False,MISSING,,,False,MISSING_FROZEN_FORMULA,10845705.950919451,1.1666552661908307,0.005096506923292042,False,1 * dict^2 * U^-1 * bip_density^-1,4,LOOK_ELSEWHERE_RAW_DIMENSIONAL_DIAGNOSTIC_ONLY
Rydberg constant times c in Hz,3289841960250000.0,Hz,3600.0,False,MISSING,,,False,MISSING_FROZEN_FORMULA,3377699720527872.0,2.670576925561359,0.01144600241248873,False,1 * K^1 * dict^3 * entropy^2,6,LOOK_ELSEWHERE_RAW_DIMENSIONAL_DIAGNOSTIC_ONLY
Rydberg constant times hc in eV,13.60569312299,eV,1.5e-11,False,MISSING,,,False,MISSING_FROZEN_FORMULA,13.661483267707114,0.4100500004872406,0.0017771833400657456,True,1 * lnK^1 * lnDict^1,2,LOOK_ELSEWHERE_RAW_DIMENSIONAL_DIAGNOSTIC_ONLY
Rydberg constant times hc in J,2.179872361103e-18,J,2.4e-30,False,MISSING,,,False,MISSING_FROZEN_FORMULA,2.208718528794109e-18,1.3232961803558545,0.005709309520160072,False,1 * pi^-1 * dict^-3 * entropy^-3,7,LOOK_ELSEWHERE_RAW_DIMENSIONAL_DIAGNOSTIC_ONLY
second radiation constant,0.014387768775039337,m K,0.0,False,MISSING,,,False,MISSING_FROZEN_FORMULA,0.014322690768253817,0.4523147946220855,0.00196883422240021,True,1 * bits^1 * entropy^-1 * U^-1,3,LOOK_ELSEWHERE_RAW_DIMENSIONAL_DIAGNOSTIC_ONLY
shielded helion gyromag. ratio,203789460.78,s^-1 T^-1,0.18,False,MISSING,,,False,MISSING_FROZEN_FORMULA,202397184.0,0.6831937111326024,0.00297725441572507,True,1 * bits^1 * total_bits^3,4,LOOK_ELSEWHERE_RAW_DIMENSIONAL_DIAGNOSTIC_ONLY
shielded helion gyromag. ratio in MHz/T,32.434100033,MHz T^-1,2.8e-08,False,MISSING,,,False,MISSING_FROZEN_FORMULA,32.0,1.3384062839984028,0.005851873503160222,False,1 * entropy^1 * checksum^-1,2,LOOK_ELSEWHERE_RAW_DIMENSIONAL_DIAGNOSTIC_ONLY
shielded helion gyromag. ratio over 2 pi,32.43409966,MHz T^-1,4.3e-07,False,MISSING,,,False,MISSING_FROZEN_FORMULA,32.0,1.3384051493661875,0.005851868508668531,False,1 * entropy^1 * checksum^-1,2,LOOK_ELSEWHERE_RAW_DIMENSIONAL_DIAGNOSTIC_ONLY
shielded helion gyromagn. ratio,203789460.78,s^-1 T^-1,0.18,False,MISSING,,,False,MISSING_FROZEN_FORMULA,202397184.0,0.6831937111326024,0.00297725441572507,True,1 * bits^1 * total_bits^3,4,LOOK_ELSEWHERE_RAW_DIMENSIONAL_DIAGNOSTIC_ONLY
shielded helion gyromagn. ratio over 2 pi,32.4341015,MHz T^-1,2.8e-06,False,MISSING,,,False,MISSING_FROZEN_FORMULA,32.0,1.3384107464792792,0.00585189314637487,False,1 * entropy^1 * checksum^-1,2,LOOK_ELSEWHERE_RAW_DIMENSIONAL_DIAGNOSTIC_ONLY
shielded proton gyromag. ratio,267515319.4,s^-1 T^-1,1.1,False,MISSING,,,False,MISSING_FROZEN_FORMULA,268435456.0,0.3439566010887652,0.0014912214290487228,True,1 * dict^2 * checksum^2,4,LOOK_ELSEWHERE_RAW_DIMENSIONAL_DIAGNOSTIC_ONLY
shielded proton gyromag. ratio in MHz/T,42.57638543,MHz T^-1,1.7e-07,False,MISSING,,,False,MISSING_FROZEN_FORMULA,42.666666666666664,0.21204532924734548,0.0009199261781335886,True,1 * K^-1 * entropy^1,2,LOOK_ELSEWHERE_RAW_DIMENSIONAL_DIAGNOSTIC_ONLY
shielded proton gyromag. ratio over 2 pi,42.57638507,MHz T^-1,5.3e-07,False,MISSING,,,False,MISSING_FROZEN_FORMULA,42.666666666666664,0.21204617657941452,0.0009199298502634217,True,1 * K^-1 * entropy^1,2,LOOK_ELSEWHERE_RAW_DIMENSIONAL_DIAGNOSTIC_ONLY
shielded proton mag. mom.,1.410570583e-26,J T^-1,5.8e-35,False,MISSING,,,False,MISSING_FROZEN_FORMULA,3.771190459990763e-25,2573.5212724840744,1.4270836440135786,False,1 * dict^-3 * entropy^-3 * total_bits^-3,9,LOOK_ELSEWHERE_RAW_DIMENSIONAL_DIAGNOSTIC_ONLY
shielded proton mag. mom. to Bohr magneton ratio,0.0015209931551,,6.2e-12,True,MISSING,,,False,MISSING_FROZEN_FORMULA,0.0015339807878856412,0.8538915998466398,0.0036926607811214886,True,1 * pi^1 * dict^-1,2,LOOK_ELSEWHERE_DIMENSIONLESS_DIAGNOSTIC_ONLY
shielded proton mag. mom. to nuclear magneton ratio,2.792775648,,1.1e-08,True,MISSING,,,False,MISSING_FROZEN_FORMULA,2.75,1.5316535730549348,0.006703355100561737,False,1 * K^1 * bits^1 * words^-1,3,LOOK_ELSEWHERE_DIMENSIONLESS_DIAGNOSTIC_ONLY
shielded proton magn. moment,1.41057047e-26,J T^-1,1.2e-33,False,MISSING,,,False,MISSING_FROZEN_FORMULA,3.771190459990763e-25,2573.5214866583465,1.4270836788046617,False,1 * dict^-3 * entropy^-3 * total_bits^-3,9,LOOK_ELSEWHERE_RAW_DIMENSIONAL_DIAGNOSTIC_ONLY
shielded proton magn. moment to Bohr magneton ratio,0.001520993132,,1.6e-11,True,MISSING,,,False,MISSING_FROZEN_FORMULA,0.0015339807878856412,0.8538931315596018,0.003692667376945103,True,1 * pi^1 * dict^-1,2,LOOK_ELSEWHERE_DIMENSIONLESS_DIAGNOSTIC_ONLY
shielded proton magn. moment to nuclear magneton ratio,2.792775604,,3e-08,True,MISSING,,,False,MISSING_FROZEN_FORMULA,2.75,1.5316520216924676,0.00670334825828013,False,1 * K^1 * bits^1 * words^-1,3,LOOK_ELSEWHERE_DIMENSIONLESS_DIAGNOSTIC_ONLY
shielding difference of d and p in HD,1.9877e-08,,1e-12,True,MISSING,,,False,MISSING_FROZEN_FORMULA,1.9867901567291007e-08,0.04577367162546195,0.00019883804124247372,True,1 * entropy^-3 * U^-1,4,LOOK_ELSEWHERE_DIMENSIONLESS_DIAGNOSTIC_ONLY
shielding difference of t and p in HT,2.3945e-08,,2e-12,True,MISSING,,,False,MISSING_FROZEN_FORMULA,2.415685263689465e-08,0.884746865294003,0.003825508625519512,True,1 * pi^-2 * dict^-2,4,LOOK_ELSEWHERE_DIMENSIONLESS_DIAGNOSTIC_ONLY
speed of light in vacuum,299792458.0,m s^-1,0.0,False,MISSING,,,False,MISSING_FROZEN_FORMULA,298665674.66592115,0.3758544633163682,0.0016353904670450324,True,1 * total_bits^1 * f1^3,4,LOOK_ELSEWHERE_RAW_DIMENSIONAL_DIAGNOSTIC_ONLY
standard acceleration of gravity,9.80665,m s^-2,0.0,False,MISSING,,,False,MISSING_FROZEN_FORMULA,9.869604401089358,0.6419562346913429,0.0027790698109989727,True,1 * pi^2,2,LOOK_ELSEWHERE_RAW_DIMENSIONAL_DIAGNOSTIC_ONLY
standard atmosphere,101325.0,Pa,0.0,False,MISSING,,,False,MISSING_FROZEN_FORMULA,101376.0,0.05033308660251666,0.00021853882363122843,True,1 * K^2 * bits^1 * entropy^1,4,LOOK_ELSEWHERE_RAW_DIMENSIONAL_DIAGNOSTIC_ONLY
standard-state pressure,100000.0,Pa,0.0,False,MISSING,,,False,MISSING_FROZEN_FORMULA,98304.0,1.696,0.007428810320619624,False,1 * K^1 * dict^1 * checksum^1,3,LOOK_ELSEWHERE_RAW_DIMENSIONAL_DIAGNOSTIC_ONLY
Stefan-Boltzmann constant,5.6703744191844314e-08,W m^-2 K^-4,0.0,False,MISSING,,,False,MISSING_FROZEN_FORMULA,5.604697543617998e-08,1.1582458354818763,0.005059555689925731,False,1 * entropy^-1 * total_bits^-2,3,LOOK_ELSEWHERE_RAW_DIMENSIONAL_DIAGNOSTIC_ONLY
tau Compton wavelength,6.97771e-16,m,4.7e-20,False,MISSING,,,False,MISSING_FROZEN_FORMULA,7.230206629459348e-16,3.6186174183127147,0.015437793204881265,False,1 * dict^-3 * entropy^-3 * f1^1,7,LOOK_ELSEWHERE_RAW_DIMENSIONAL_DIAGNOSTIC_ONLY
tau Compton wavelength over 2 pi,1.11056e-16,m,1e-20,False,MISSING,,,False,MISSING_FROZEN_FORMULA,1.0708852689353736e-16,3.5724977547027166,0.015799082591813705,False,1 * bits^-2 * dict^-2 * total_bits^-3,7,LOOK_ELSEWHERE_RAW_DIMENSIONAL_DIAGNOSTIC_ONLY
tau energy equivalent,1776.86,MeV,0.12,False,MISSING,,,False,MISSING_FROZEN_FORMULA,1809.5461902971858,1.839547870805012,0.007916462546125592,False,1 * K^-1 * f1^2,3,LOOK_ELSEWHERE_RAW_DIMENSIONAL_DIAGNOSTIC_ONLY
tau mass,3.16754e-27,kg,2.1e-31,False,MISSING,,,False,MISSING_FROZEN_FORMULA,3.771190459990763e-25,11805.739027733709,2.075756358640952,False,1 * dict^-3 * entropy^-3 * total_bits^-3,9,LOOK_ELSEWHERE_RAW_DIMENSIONAL_DIAGNOSTIC_ONLY
tau mass energy equivalent,2.84684e-10,J,1.9e-14,False,MISSING,,,False,MISSING_FROZEN_FORMULA,2.860155507806288e-10,0.4677294054561596,0.0020265872120119586,True,1 * dict^-2 * checksum^-1 * f1^-1,4,LOOK_ELSEWHERE_RAW_DIMENSIONAL_DIAGNOSTIC_ONLY
tau mass energy equivalent in MeV,1776.82,MeV,0.16,False,MISSING,,,False,MISSING_FROZEN_FORMULA,1787.1369229416712,0.5806397351263064,0.00251439358906082,True,0.510999 * entropy^1 * lnK^1 * lnDict^1,3,LOOK_ELSEWHERE_NATURAL_UNIT_DIAGNOSTIC_ONLY
tau mass in u,1.90754,u,0.00013,False,MISSING,,,False,MISSING_FROZEN_FORMULA,1.909859317102744,0.12158681352653275,0.0005277240654033671,True,1 * pi^-1 * K^1,2,LOOK_ELSEWHERE_RAW_DIMENSIONAL_DIAGNOSTIC_ONLY
tau molar mass,0.00190754,kg mol^-1,1.3e-07,False,MISSING,,,False,MISSING_FROZEN_FORMULA,0.001893969265275028,0.7114259583008548,0.003100726491044314,True,1 * K^-1 * total_bits^-1 * U^1,3,LOOK_ELSEWHERE_RAW_DIMENSIONAL_DIAGNOSTIC_ONLY
tau-electron mass ratio,3477.23,,0.23,True,MISSING,,,False,MISSING_FROZEN_FORMULA,3497.339716533021,0.5783257516189936,0.002504401985991611,True,1 * entropy^1 * lnK^1 * lnDict^1,3,LOOK_ELSEWHERE_DIMENSIONLESS_DIAGNOSTIC_ONLY
tau-muon mass ratio,16.817,,0.0011,True,MISSING,,,False,MISSING_FROZEN_FORMULA,16.887201498422982,0.41744364882548585,0.0018091612392819561,True,1 * pi^1 * lnK^1 * U^1,3,LOOK_ELSEWHERE_DIMENSIONLESS_DIAGNOSTIC_ONLY
tau-neutron mass ratio,1.89115,,0.00013,True,MISSING,,,False,MISSING_FROZEN_FORMULA,1.909859317102744,0.9893089973161265,0.004275400621993609,True,1 * pi^-1 * K^1,2,LOOK_ELSEWHERE_DIMENSIONLESS_DIAGNOSTIC_ONLY
tau-proton mass ratio,1.89376,,0.00013,True,MISSING,,,False,MISSING_FROZEN_FORMULA,1.909859317102744,0.8501244668143759,0.0036764385449895957,True,1 * pi^-1 * K^1,2,LOOK_ELSEWHERE_DIMENSIONLESS_DIAGNOSTIC_ONLY
Thomson cross section,6.6524587051e-29,m^2,6.2e-38,False,MISSING,,,False,MISSING_FROZEN_FORMULA,3.771190459990763e-25,566786.7146968745,3.7534962791792825,False,1 * dict^-3 * entropy^-3 * total_bits^-3,9,LOOK_ELSEWHERE_RAW_DIMENSIONAL_DIAGNOSTIC_ONLY
triton g factor,5.95792493,,1.2e-08,True,MISSING,,,False,MISSING_FROZEN_FORMULA,6.0,0.7062034264335738,0.0030562235912505236,True,1 * K^1,1,LOOK_ELSEWHERE_DIMENSIONLESS_DIAGNOSTIC_ONLY
triton mag. mom.,1.5046095178e-26,J T^-1,3e-35,False,MISSING,,,False,MISSING_FROZEN_FORMULA,3.771190459990763e-25,2406.424700479695,1.3990546618086845,False,1 * dict^-3 * entropy^-3 * total_bits^-3,9,LOOK_ELSEWHERE_RAW_DIMENSIONAL_DIAGNOSTIC_ONLY
triton mag. mom. to Bohr magneton ratio,0.0016223936648,,3.2e-12,True,MISSING,,,False,MISSING_FROZEN_FORMULA,0.0015995148916018592,1.4101863003120845,0.0061679540501173346,False,1 * K^-1 * f1^-1,2,LOOK_ELSEWHERE_DIMENSIONLESS_DIAGNOSTIC_ONLY
triton mag. mom. to nuclear magneton ratio,2.978962465,,5.9e-09,True,MISSING,,,False,MISSING_FROZEN_FORMULA,3.0000473161956447,0.7077917712415601,0.003063073258125033,True,1 * U^1,1,LOOK_ELSEWHERE_DIMENSIONLESS_DIAGNOSTIC_ONLY
triton mass,5.0073567512e-27,kg,1.6e-36,False,MISSING,,,False,MISSING_FROZEN_FORMULA,3.771190459990763e-25,7431.299740301122,1.8768699325526514,False,1 * dict^-3 * entropy^-3 * total_bits^-3,9,LOOK_ELSEWHERE_RAW_DIMENSIONAL_DIAGNOSTIC_ONLY
triton mass energy equivalent,4.5003878119e-10,J,1.4e-19,False,MISSING,,,False,MISSING_FROZEN_FORMULA,4.491618367036713e-10,0.1948597594211449,0.0008470907704320415,True,1 * bits^-2 * total_bits^-3,5,LOOK_ELSEWHERE_RAW_DIMENSIONAL_DIAGNOSTIC_ONLY
triton mass energy equivalent in MeV,2808.92113668,MeV,8.8e-07,False,MISSING,,,False,MISSING_FROZEN_FORMULA,2790.6915839636763,0.6489877013019353,0.002827703456039736,True,0.510999 * dict^1 * checksum^1 * U^-1,3,LOOK_ELSEWHERE_NATURAL_UNIT_DIAGNOSTIC_ONLY
triton mass in u,3.01550071597,u,1e-10,False,MISSING,,,False,MISSING_FROZEN_FORMULA,3.0000473161956447,0.5124654652713098,0.002231331534937498,True,1 * U^1,1,LOOK_ELSEWHERE_RAW_DIMENSIONAL_DIAGNOSTIC_ONLY
triton molar mass,0.00301550071913,kg mol^-1,9.4e-13,False,MISSING,,,False,MISSING_FROZEN_FORMULA,0.003054848418570397,1.3048479541317828,0.005630229065602589,False,1 * pi^-1 * f1^-1,2,LOOK_ELSEWHERE_RAW_DIMENSIONAL_DIAGNOSTIC_ONLY
triton relative atomic mass,3.01550071597,,1e-10,True,MISSING,,,False,MISSING_FROZEN_FORMULA,3.0000473161956447,0.5124654652713098,0.002231331534937498,True,1 * U^1,1,LOOK_ELSEWHERE_DIMENSIONLESS_DIAGNOSTIC_ONLY
triton to proton mag. mom. ratio,1.0666399189,,2.1e-09,True,MISSING,,,False,MISSING_FROZEN_FORMULA,1.0492327570101552,1.6319623503118466,0.007145992293117428,False,1 * checksum^1 * lnDict^-1,2,LOOK_ELSEWHERE_DIMENSIONLESS_DIAGNOSTIC_ONLY
triton-electron mass ratio,5496.92153551,,2.1e-07,True,MISSING,,,False,MISSING_FROZEN_FORMULA,5461.247198186369,0.6489875668258123,0.002827702868202331,True,1 * dict^1 * checksum^1 * U^-1,3,LOOK_ELSEWHERE_DIMENSIONLESS_DIAGNOSTIC_ONLY
triton-proton mag. mom. ratio,1.066639908,,1e-08,True,MISSING,,,False,MISSING_FROZEN_FORMULA,1.0492327570101552,1.6319613450882433,0.007145987855059369,False,1 * checksum^1 * lnDict^-1,2,LOOK_ELSEWHERE_DIMENSIONLESS_DIAGNOSTIC_ONLY
triton-proton mass ratio,2.99371703403,,1e-10,True,MISSING,,,False,MISSING_FROZEN_FORMULA,3.0000473161956447,0.2114522546281961,0.0009173559302578771,True,1 * U^1,1,LOOK_ELSEWHERE_DIMENSIONLESS_DIAGNOSTIC_ONLY
unified atomic mass unit,1.66053906892e-27,kg,5.2e-37,False,MISSING,,,False,MISSING_FROZEN_FORMULA,3.771190459990763e-25,22610.639758951966,2.3562293684720084,False,1 * dict^-3 * entropy^-3 * total_bits^-3,9,LOOK_ELSEWHERE_RAW_DIMENSIONAL_DIAGNOSTIC_ONLY
vacuum electric permittivity,8.8541878188e-12,F m^-1,1.4e-21,False,MISSING,,,False,MISSING_FROZEN_FORMULA,8.93798596189465e-12,0.9464238257598462,0.004090938036972201,True,1 * dict^-2 * entropy^-1 * f1^-1,4,LOOK_ELSEWHERE_RAW_DIMENSIONAL_DIAGNOSTIC_ONLY
vacuum mag. permeability,1.25663706127e-06,N A^-2,2e-16,False,MISSING,,,False,MISSING_FROZEN_FORMULA,1.2715657552083333e-06,1.1879877172527258,0.0051289593639208715,False,1 * K^-1 * dict^-1 * checksum^-2,4,LOOK_ELSEWHERE_RAW_DIMENSIONAL_DIAGNOSTIC_ONLY
von Klitzing constant,25812.807459304513,ohm,0.0,False,MISSING,,,False,MISSING_FROZEN_FORMULA,26674.75425873495,3.339221434124701,0.014265185212960383,False,1 * entropy^1 * f1^1,2,LOOK_ELSEWHERE_RAW_DIMENSIONAL_DIAGNOSTIC_ONLY
W to Z mass ratio,0.88145,,0.00013,True,MISSING,,,False,MISSING_FROZEN_FORMULA,0.888860850325181,0.8407567445891513,0.003636096115536028,True,1 * checksum^1 * U^-2,3,LOOK_ELSEWHERE_DIMENSIONLESS_DIAGNOSTIC_ONLY
weak mixing angle,0.22305,,0.00023,True,sin2_thetaW,0.22396993365350687,0.4124338280685368,True,FROZEN_NO_FIT_PREDICTION,0.22396993365350687,0.4124338280685368,0.0017874937708967297,True,1 * checksum^-1 * lnK^1,2,LOOK_ELSEWHERE_DIMENSIONLESS_DIAGNOSTIC_ONLY
Wien displacement law constant,0.0028977685,m K,5.1e-09,False,MISSING,,,False,MISSING_FROZEN_FORMULA,0.0029296875,1.1015027597960307,0.004757610936566242,False,1 * K^1 * dict^-1,2,LOOK_ELSEWHERE_RAW_DIMENSIONAL_DIAGNOSTIC_ONLY
Wien frequency displacement law constant,58789257576.468254,Hz K^-1,0.0,False,MISSING,,,False,MISSING_FROZEN_FORMULA,57982058496.0,1.3730383980752192,0.0060043459683821005,False,1 * dict^2 * words^3,5,LOOK_ELSEWHERE_RAW_DIMENSIONAL_DIAGNOSTIC_ONLY
Wien wavelength displacement law constant,0.0028977719551851727,m K,0.0,False,MISSING,,,False,MISSING_FROZEN_FORMULA,0.0029296875,1.1013822104848099,0.004757093101218158,False,1 * K^1 * dict^-1,2,LOOK_ELSEWHERE_RAW_DIMENSIONAL_DIAGNOSTIC_ONLY
{220} lattice spacing of silicon,1.920155714e-10,m,3.2e-18,False,MISSING,,,False,MISSING_FROZEN_FORMULA,1.906740265305713e-10,0.6986646237320137,0.0030449111960090106,True,1 * entropy^-3 * U^-1 * f1^-1,5,LOOK_ELSEWHERE_RAW_DIMENSIONAL_DIAGNOSTIC_ONLY
